URL,Último rastreamento
https://demonstracao.orbitgestao.com.br/,2026-06-13
https://orbitgestao.com.br/treinamento-corporativo-nao-funciona,2026-06-11
https://orbitgestao.com.br/plataformas-comunicacao-corporativa,2026-06-11
http://orbitgestao.com.br/,2026-06-11
https://orbitgestao.com.br/como-escalar-empresa-sem-dobrar-equipe,2026-06-11
https://orbitgestao.com.br/como-mapear-processos-empresa-bpmn,2026-06-09
https://orbitgestao.com.br/erp-vs-plataforma-all-in-one,2026-06-07
https://orbitgestao.com.br/orbit-vs-sap-salesforce-microsoft,2026-06-04
https://orbitgestao.com.br/perder-talentos-para-concorrentes,2026-06-04
https://orbitgestao.com.br/plano-de-acao-executavel,2026-06-03
https://orbitgestao.com.br/como-reter-talentos-empresa,2026-06-02
https://orbitgestao.com.br/blog/,2026-06-01
https://orbitgestao.com.br/como-automatizar-processos-empresa,2026-06-01
https://orbitgestao.com.br/tirar-planejamento-estrategico-do-papel,2026-06-01
https://orbitgestao.com.br/login,2026-04-28