Page URL,Pages with same meta description,Discovered
https://certificacaoiso.com.br/algumas-palavras-sobre-iso-9001-e-padronizacao-2/,https://certificacaoiso.com.br/algumas-palavras-sobre-iso-9001-e-padronizacao/,23 Jun 2026 (16:45 UTC)
https://certificacaoiso.com.br/algumas-palavras-sobre-iso-9001-e-padronizacao/,https://certificacaoiso.com.br/algumas-palavras-sobre-iso-9001-e-padronizacao-2/,23 Jun 2026 (16:45 UTC)
https://certificacaoiso.com.br/beneficios-da-iso-9001/,https://certificacaoiso.com.br/certificacao-iso-as-principais-normas/,23 Jun 2026 (16:45 UTC)
https://certificacaoiso.com.br/certificacao-iso-as-principais-normas/,https://certificacaoiso.com.br/beneficios-da-iso-9001/,23 Jun 2026 (16:45 UTC)
https://certificacaoiso.com.br/como-e-a-rotina-de-implementacao-com-a-templum/,https://certificacaoiso.com.br/dicas-para-uma-implementacao-bem-sucedida/,23 Jun 2026 (16:45 UTC)
https://certificacaoiso.com.br/dicas-para-uma-implementacao-bem-sucedida/,https://certificacaoiso.com.br/como-e-a-rotina-de-implementacao-com-a-templum/,23 Jun 2026 (16:45 UTC)
https://certificacaoiso.com.br/iso-9001/,"https://certificacaoiso.com.br/qual-e-melhor-opcao-para-implementacao-iso-9001-2/, https://certificacaoiso.com.br/quais-sao-mudancas-mais-significativas-na-revisao-2015-da-iso-9001-2/, https://certificacaoiso.com.br/iso-90012015-o-envolvimento-da-alta-direcao-no-sgq-2/",23 Jun 2026 (16:45 UTC)
https://certificacaoiso.com.br/iso-90012015-o-envolvimento-da-alta-direcao-no-sgq-2/,"https://certificacaoiso.com.br/iso-9001/, https://certificacaoiso.com.br/qual-e-melhor-opcao-para-implementacao-iso-9001-2/, https://certificacaoiso.com.br/quais-sao-mudancas-mais-significativas-na-revisao-2015-da-iso-9001-2/",23 Jun 2026 (16:45 UTC)
https://certificacaoiso.com.br/quais-sao-mudancas-mais-significativas-na-revisao-2015-da-iso-9001-2/,"https://certificacaoiso.com.br/iso-9001/, https://certificacaoiso.com.br/qual-e-melhor-opcao-para-implementacao-iso-9001-2/, https://certificacaoiso.com.br/iso-90012015-o-envolvimento-da-alta-direcao-no-sgq-2/",23 Jun 2026 (16:45 UTC)
https://certificacaoiso.com.br/qual-e-melhor-opcao-para-implementacao-iso-9001-2/,"https://certificacaoiso.com.br/iso-9001/, https://certificacaoiso.com.br/quais-sao-mudancas-mais-significativas-na-revisao-2015-da-iso-9001-2/, https://certificacaoiso.com.br/iso-90012015-o-envolvimento-da-alta-direcao-no-sgq-2/",23 Jun 2026 (16:45 UTC)
