Page URL,Ratio,Discovered
https://certificacaoiso.com.br/categoria/gestao-de-processos/,0.09,23 Jun 2026 (16:45 UTC)
https://certificacaoiso.com.br/categoria/iso-9001/,0.08,23 Jun 2026 (16:45 UTC)
https://certificacaoiso.com.br/categoria/noticias/,0.08,23 Jun 2026 (16:45 UTC)
https://certificacaoiso.com.br/presentes/ebook-empresarios/?utm_source=blog&utm_medium=sidebar-isca&utm_campaign=controle-de-fornecedores-como-atender-ao-requisito-8-4-da-iso-9001-com-seguranca-clareza-e-eficiencia,0.09,23 Jun 2026 (16:45 UTC)
https://certificacaoiso.com.br/presentes/ebook-empresarios/?utm_source=blog&utm_medium=sidebar-isca&utm_campaign=gestao-e-processos-como-construir-uma-empresa-organizada-escalavel-e-preparada-para-crescer,0.09,23 Jun 2026 (16:45 UTC)
https://certificacaoiso.com.br/presentes/ebook-empresarios/?utm_source=blog&utm_medium=sidebar-isca&utm_campaign=governanca-corporativa-o-pilar-estrategico-para-empresas-mais-solidas-transparentes-e-sustentaveis,0.09,23 Jun 2026 (16:45 UTC)
https://certificacaoiso.com.br/presentes/inteligencia-artificial-como-transformar-sua-empresa-com-ia-na-pratica/?utm_source=blog&utm_medium=sidebar-isca&utm_campaign=inteligencia-artificial-na-gestao-como-empresas-podem-automatizar-processos-ganhar-produtividade-e-escalar-com-mais-inteligencia,0.08,23 Jun 2026 (16:45 UTC)
https://www.certificacaoiso.com.br/categoria/gestao-de-processos/,0.09,23 Jun 2026 (16:45 UTC)
https://www.certificacaoiso.com.br/entenda-iso-online-atraves-de-um-rapido-tour/,0.10,23 Jun 2026 (16:45 UTC)
https://www.certificacaoiso.com.br/presentes/ebook-empresarios/?utm_source=blog&utm_medium=sidebar-isca&utm_campaign=gestao-e-processos-como-construir-uma-empresa-organizada-escalavel-e-preparada-para-crescer,0.09,23 Jun 2026 (16:45 UTC)
