Page URL,Title,Discovered
https://certificacaoiso.com.br/12-ideias-para-provocar-mudancas-de-comportamento-e-melhorar-seus-resultados/,12 Ideias para provocar mudanças de comportamento e melhorar seus resultados | Certificação ISO,23 Jun 2026 (16:45 UTC)
https://certificacaoiso.com.br/4-dicas-de-comunicacao-interna-para-voce-envolver-seus-funcionario/,4 dicas de comunicação interna para você envolver seus funcionários | Certificação ISO,23 Jun 2026 (16:45 UTC)
https://certificacaoiso.com.br/4-dicas-matadoras-para-envolver-colaboradores-na-implementacao-de-sistema-de-gestao/,4 dicas para envolver colaboradores na implementação de sistema de gestão | Certificação ISO,23 Jun 2026 (16:45 UTC)
https://certificacaoiso.com.br/4-passos-para-otimizar-a-gestao-de-informacao-e-infraestrutura-da-sua-empresa/,4 Passos para otimizar a Gestão de Informação e Infraestrutura da sua empresa | Certificação ISO,23 Jun 2026 (16:45 UTC)
https://certificacaoiso.com.br/5-dicas-praticas-para-melhorar-o-engajamento-de-pessoas-em-sua-empresa/,5 Dicas práticas para melhorar o engajamento de pessoas em sua empresa | Certificação ISO,23 Jun 2026 (16:45 UTC)
https://certificacaoiso.com.br/5-maneiras-de-melhorar-a-comunicacao-entre-coordenadorias-e-gerencias/,5 maneiras de melhorar a comunicação entre coordenadorias e gerências | Certificação ISO,23 Jun 2026 (16:45 UTC)
https://certificacaoiso.com.br/5-meios-de-comunicacao-interna-que-podem-ser-feitos-com-baixo-custo-pelas-pmes/,5 meios de comunicação interna com baixo custo para as PMEs | Certificação ISO,23 Jun 2026 (16:45 UTC)
https://certificacaoiso.com.br/6-formas-para-fazer-seu-certificado-iso-22000-gerar-lucro/,6 formas para fazer seu certificado ISO 22000 gerar lucro | Certificação ISO,23 Jun 2026 (16:45 UTC)
https://certificacaoiso.com.br/a-essencia-da-gestao-da-qualidade/,A Essência da Gestão da Qualidade: Transformação e Excelência | Certificação ISO,23 Jun 2026 (16:45 UTC)
https://certificacaoiso.com.br/abordagem-de-processos/,Abordagem de Processos: 5 dicas para iniciar na sua empresa - Simplificando a Gestão | Certificação ISO,23 Jun 2026 (16:45 UTC)
https://certificacaoiso.com.br/algumas-palavras-sobre-iso-9001-e-padronizacao-2/,Algumas palavras sobre ISO 9001 e padronização para sua empresa | Certificação ISO,23 Jun 2026 (16:45 UTC)
https://certificacaoiso.com.br/alicerce-da-implementacao-iso-9001-controle-de-documentos/,O alicerce da implementação ISO 9001 - Controle de Documentos | Certificação ISO,23 Jun 2026 (16:45 UTC)
https://certificacaoiso.com.br/aproveitando-iso-9001-para-alcancar-o-real-valor-de-negocios/,Aproveitando ISO 9001 para alcançar o real valor de negócios | Certificação ISO,23 Jun 2026 (16:45 UTC)
https://certificacaoiso.com.br/atracao-e-retencao-de-clientes-em-tempos-de-crise-como-fazer/,Atração e retenção de clientes em tempos de crise: como fazer? | Certificação ISO,23 Jun 2026 (16:45 UTC)
https://certificacaoiso.com.br/auditoria-interna-como-transformar-a-certificacao-em-melhoria-continua/,Auditoria Interna: como transformar a certificação em melhoria contínua | Certificação ISO,23 Jun 2026 (16:45 UTC)
https://certificacaoiso.com.br/auditoria-interna-de-sistemas-de-gestao-cumprir-o-requisito-da-norma-ou-buscar-oportunidades-de-melhoria-na-empresa/,Auditoria Interna: cumprir requisito ou buscar oportunidades de melhoria? | Certificação ISO,23 Jun 2026 (16:45 UTC)
https://certificacaoiso.com.br/auditoria-iso9001-como-transformar-conformidade-em-vantagem/,Auditoria ISO 9001: Como Transformar Conformidade em Vantagem Competitiva | Certificação ISO,23 Jun 2026 (16:45 UTC)
https://certificacaoiso.com.br/aumente-a-eficiencia-operacional-utilizando-o-mapeamento-de-processos/,Aumente a eficiência operacional utilizando o mapeamento de processos | Certificação ISO,23 Jun 2026 (16:45 UTC)
https://certificacaoiso.com.br/beneficios-iso9001-traz-uma-clinica-odontologica/,Que benefícios a ISO9001 traz a uma clinica odontológica? | Certificação ISO,23 Jun 2026 (16:45 UTC)
https://certificacaoiso.com.br/certificacao-iso-9001-com-inteligencia-artificial-o-que-voce-precisa-saber/,Certificação ISO 9001 com Inteligência Artificial: o que você precisa saber | Certificação ISO,23 Jun 2026 (16:45 UTC)
https://certificacaoiso.com.br/certificacao-iso-9001-garante-respeitabilidade-no-mercado/,Certificação ISO 9001 garante respeitabilidade no mercado | Certificação ISO,23 Jun 2026 (16:45 UTC)
https://certificacaoiso.com.br/certificacao-iso-para-franquias/,Os 5 passos do sucesso para iniciar a certificação ISO 9001 da sua franquia | Certificação ISO,23 Jun 2026 (16:45 UTC)
https://certificacaoiso.com.br/como-a-certificacao-iso-pode-transformar-seu-negocio-em-2025/,Como a Certificação ISO Pode Transformar Seu Negócio em 2025 | Certificação ISO,23 Jun 2026 (16:45 UTC)
https://certificacaoiso.com.br/como-ajudar-cliente-contratar-servicos-contabilidade/,Contratação serviços contabilidade: dicas para ajudar o cliente a contratar sua empresa | Certificação ISO,23 Jun 2026 (16:45 UTC)
https://certificacaoiso.com.br/como-ampliar-o-leque-de-servicos-de-um-escritorio-de-advocacia/,Como ampliar o leque de serviços de um escritório de Advocacia? | Certificação ISO,23 Jun 2026 (16:45 UTC)
https://certificacaoiso.com.br/como-aplicar-a-motivacao-e-disciplina-do-esporte-no-seu-negocio/,Como aplicar a motivação e disciplina do esporte no seu negócio | Certificação ISO,23 Jun 2026 (16:45 UTC)
https://certificacaoiso.com.br/como-as-martechs-podem-ajudar-a-fidelizar-seus-clientes/,Como as martechs podem ajudar na fidelização dos seus clientes? | Certificação ISO,23 Jun 2026 (16:45 UTC)
https://certificacaoiso.com.br/como-atrair-clientes-para-escritorio-contabil/,Como atrair clientes para o seu escritório contábil através do mundo digital | Certificação ISO,23 Jun 2026 (16:45 UTC)
https://certificacaoiso.com.br/como-convencer-implementacao-iso-9001/,ISO 9001: Como convencer a alta direção sobre a implementação? | Certificação ISO,23 Jun 2026 (16:45 UTC)
https://certificacaoiso.com.br/como-estabelecer-indicadores-de-desempenho/,Como estabelecer Indicadores de Desempenho realmente eficazes | Certificação ISO,23 Jun 2026 (16:45 UTC)
https://certificacaoiso.com.br/como-fazer-campanhas-de-comunicacao-para-o-engajamento-dos-colaboradores/,Como fazer campanhas de comunicação para gerar engajamento nos colaboradores | Certificação ISO,23 Jun 2026 (16:45 UTC)
https://certificacaoiso.com.br/como-fazer-uma-analise-critica-da-sua-empresa/,Análise Crítica: como analisar criticamente a sua empresa? | Certificação ISO,23 Jun 2026 (16:45 UTC)
https://certificacaoiso.com.br/como-identificar-falhas-no-processo-de-vendas-atraves-dos-indicadores-de-performance/,Como identificar falhas no processo de vendas através dos indicadores de performance | Certificação ISO,23 Jun 2026 (16:45 UTC)
https://certificacaoiso.com.br/como-nao-deixar-a-tecnologia-acabar-com-a-contabilidade/,Como não deixar a tecnologia acabar com seu escritório de contabilidade | Certificação ISO,23 Jun 2026 (16:45 UTC)
https://certificacaoiso.com.br/como-pmes-podem-se-beneficiar-melhorando-a-comunicacao-interna/,Como PMEs podem se beneficiar melhorando a comunicação interna | Certificação ISO,23 Jun 2026 (16:45 UTC)
https://certificacaoiso.com.br/como-reduzir-o-absenteismo-e-a-rotatividade-com-indicadores-reconhecimento-e-gestao-pela-iso-9001/,"Como reduzir o absenteísmo e a rotatividade com indicadores, reconhecimento e gestão pela ISO 9001 | Certificação ISO",23 Jun 2026 (16:45 UTC)
https://certificacaoiso.com.br/como-trazer-a-melhoria-continua-para-o-dia-a-dia-das-empresas/,Como trazer a melhoria contínua para o dia a dia das empresas? | Certificação ISO,23 Jun 2026 (16:45 UTC)
https://certificacaoiso.com.br/comunicacao-torna-escritorio-contabil-competitivo/,Como as ferramentas de comunicação e treinamento tornam o escritório contábil mais competitivo | Certificação ISO,23 Jun 2026 (16:45 UTC)
https://certificacaoiso.com.br/consultoria-iso-com-inteligencia-artificial-como-a-templum-esta-simplificando-a-certificacao-e-a-gestao-empresarial/,Consultoria ISO com inteligência artificial: como a Templum está simplificando a certificação e a gestão empresarial | Certificação ISO,23 Jun 2026 (16:45 UTC)
https://certificacaoiso.com.br/consultoria-presencial-vs-metodologia-templum-por-que-o-modelo-tradicional-ficou-para-tras/,Consultoria Presencial vs. Metodologia Templum: Por que o modelo tradicional ficou para trás | Certificação ISO,23 Jun 2026 (16:45 UTC)
https://certificacaoiso.com.br/contratacao-de-funcionarios-qualificados-aprenda-com-5-dicas/,Contratação de funcionários qualificados: Aprenda com 5 dicas! | Certificação ISO,23 Jun 2026 (16:45 UTC)
https://certificacaoiso.com.br/controle-de-fornecedores-como-atender-ao-requisito-8-4-da-iso-9001-com-seguranca-clareza-e-eficiencia/,"Controle de fornecedores: como atender ao requisito 8.4 da ISO 9001 com segurança, clareza e eficiência | Certificação ISO",23 Jun 2026 (16:45 UTC)
https://certificacaoiso.com.br/controle-de-fornecedores-na-iso-9001/,Guia Completo: Domine o Controle de Fornecedores na ISO 9001 | Certificação ISO,23 Jun 2026 (16:45 UTC)
https://certificacaoiso.com.br/controle-documentos-sgq/,O controle dos documentos do SGQ em meios eletrônicos. Como proceder? | Certificação ISO,23 Jun 2026 (16:45 UTC)
https://certificacaoiso.com.br/controle-vida-financeira-e-dos-seus-negocios/,Como conquistar o controle da sua vida financeira e dos seus negócios | Certificação ISO,23 Jun 2026 (16:45 UTC)
https://certificacaoiso.com.br/conversao-de-vendas-com-inteligencia-artificial-como-unir-processo-estrategia-e-ia-para-vender-mais/,"Conversão de vendas com inteligência artificial: como unir processo, estratégia e IA para vender mais | Certificação ISO",23 Jun 2026 (16:45 UTC)
https://certificacaoiso.com.br/crm-inteligente-como-a-inteligencia-artificial-esta-transformando-a-gestao-de-clientes-processos-e-vendas/,"CRM Inteligente: Como a Inteligência Artificial Está Transformando a Gestão de Clientes, Processos e Vendas | Certificação ISO",23 Jun 2026 (16:45 UTC)
https://certificacaoiso.com.br/cultura-de-seguranca-de-alimentos-como-implementar-de-forma-pratica-continua-e-auditavel-nas-empresas/,"Cultura de Segurança de Alimentos: como implementar de forma prática, contínua e auditável nas empresas | Certificação ISO",23 Jun 2026 (16:45 UTC)
https://certificacaoiso.com.br/descubra-qual-norma-iso-faz-mais-sentido-para-sua-empresa-de-engenharia-ou-arquitetura/,Descubra qual norma ISO faz mais sentido para sua empresa de Engenharia ou Arquitetura | Certificação ISO,23 Jun 2026 (16:45 UTC)
https://certificacaoiso.com.br/descubra-se-seus-funcionarios-estao-envolvidos-ou-engajados-no-negocio/,Descubra se seus funcionários estão envolvidos ou engajados no negócio | Certificação ISO,23 Jun 2026 (16:45 UTC)
https://certificacaoiso.com.br/diagnostico-de-gestao-da-qualidade-simplificando-a-gestao/,Diagnóstico de Gestão da Qualidade - Simplificando a Gestão | Certificação ISO,23 Jun 2026 (16:45 UTC)
https://certificacaoiso.com.br/diferenca-entre-os-programas-do-gfsi/,"Qual é a diferença entre os programas do GFSI (FSSC, IFS, BRC)? | Certificação ISO",23 Jun 2026 (16:45 UTC)
https://certificacaoiso.com.br/dj-primeira-usar-iso-online-conquista-certificacao-iso-9001/,"D&J, a primeira a usar a ISO Online, conquista a certificação ISO 9001 | Certificação ISO",23 Jun 2026 (16:45 UTC)
https://certificacaoiso.com.br/dpo-na-pratica-por-que-a-protecao-de-dados-deixou-de-ser-apenas-uma-obrigacao-legal-e-virou-vantagem-competitiva/,DPO na prática: por que a proteção de dados deixou de ser apenas uma obrigação legal e virou vantagem competitiva | Certificação ISO,23 Jun 2026 (16:45 UTC)
https://certificacaoiso.com.br/entendendo-como-realizar-avaliacao-de-perigos-appcc-passo-passo/,Entendendo como realizar a Avaliação de Perigos do APPCC passo a passo | Certificação ISO,23 Jun 2026 (16:45 UTC)
https://certificacaoiso.com.br/falhas-sistema-gestao-seguranca-alimentos/,ISO 22000: Falhas mais frequentes na implementação do Sistema de Gestão da Segurança de Alimentos | Certificação ISO,23 Jun 2026 (16:45 UTC)
https://certificacaoiso.com.br/fase-01-fase-02-na-auditoria-de-certificacao-qual-e-diferenca/,Fase 01 e Fase 02 na auditoria de certificação. Qual é a diferença? | Certificação ISO,23 Jun 2026 (16:45 UTC)
https://certificacaoiso.com.br/ferramentas-para-melhorar-gestao-estrategica/,Gestão estratégica: 3 ferramentas para melhorar a gestão da sua empresa | Certificação ISO,23 Jun 2026 (16:45 UTC)
https://certificacaoiso.com.br/fssc-22000-versao-6-guia-de-mudancas-para-certificacao-e-auditorias/,FSSC 22000 Versão 6: Guia de Mudanças para Certificação e Auditorias | Certificação ISO,23 Jun 2026 (16:45 UTC)
https://certificacaoiso.com.br/fssc-22000-versao-6-guias-de-orientacao-sobre-food-defense-e-mitigacao-de-food-fraud/,FSSC 22000 Versão 6: Guias de orientação sobre Food Defense e Mitigação de Food Fraud | Certificação ISO,23 Jun 2026 (16:45 UTC)
https://certificacaoiso.com.br/gestao-com-inteligencia-artificial-como-repensar-sua-empresa-para-crescer-com-mais-eficiencia/,Gestão com Inteligência Artificial: como repensar sua empresa para crescer com mais eficiência | Certificação ISO,23 Jun 2026 (16:45 UTC)
https://certificacaoiso.com.br/gestao-das-pessoas-processo-de-implementacao-da-iso-9001/,A Gestão das Pessoas no Processo de Implementação da ISO 9001 | Certificação ISO,23 Jun 2026 (16:45 UTC)
https://certificacaoiso.com.br/gestao-de-melhoria-3-dicas-para-melhorar-sua-empresa-1-todo-dia/,Gestão de Melhoria: 3 Dicas para Melhorar sua empresa 1% todo dia. | Certificação ISO,23 Jun 2026 (16:45 UTC)
https://certificacaoiso.com.br/gestao-de-pessoas-dicas-para-aumentar-o-envolvimento-de-toda-sua-equipe-de-trabalho/,Gestão de Pessoas: Dicas para aumentar o envolvimento da sua equipe de trabalho. | Certificação ISO,23 Jun 2026 (16:45 UTC)
https://certificacaoiso.com.br/gestao-de-processos-empresariais-como-organizar-sua-empresa-para-crescer-com-clareza-controle-e-previsibilidade/,"Gestão de processos empresariais: como organizar sua empresa para crescer com clareza, controle e previsibilidade | Certificação ISO",23 Jun 2026 (16:45 UTC)
https://certificacaoiso.com.br/gestao-de-projeto-e-desenvolvimento/,7 Passos Para Gestão de Projeto e Desenvolvimento (P&D) na Gestão da Qualidade | Certificação ISO,23 Jun 2026 (16:45 UTC)
https://certificacaoiso.com.br/gestao-e-processos-como-construir-uma-empresa-organizada-escalavel-e-preparada-para-crescer/,"Gestão e processos: como construir uma empresa organizada, escalável e preparada para crescer | Certificação ISO",23 Jun 2026 (16:45 UTC)
https://certificacaoiso.com.br/governanca-corporativa-o-pilar-estrategico-para-empresas-mais-solidas-transparentes-e-sustentaveis/,"Governança Corporativa: o pilar estratégico para empresas mais sólidas, transparentes e sustentáveis | Certificação ISO",23 Jun 2026 (16:45 UTC)
https://certificacaoiso.com.br/grandes-empresas-exigem-certificacao-iso-9001-de-seus-fornecedores/,O que faz uma grande empresa exigir a certificação ISO 9001 de seus fornecedores? | Certificação ISO,23 Jun 2026 (16:45 UTC)
https://certificacaoiso.com.br/impacto-das-mudancas-das-normas-regulamentadoras-nrs-em-seu-sistema-de-gestao/,Impacto das mudanças das Normas Regulamentadoras (NRs) em seu sistema de gestão. | Certificação ISO,23 Jun 2026 (16:45 UTC)
https://certificacaoiso.com.br/implantacao-ou-implementacao-de-sgq-qual-forma-correta/,Implantação ou Implementação de SGQ...qual a forma correta? | Certificação ISO,23 Jun 2026 (16:45 UTC)
https://certificacaoiso.com.br/indicadores-de-desempenho-como-transformar-objetivos-em-resultados-reais/,Indicadores de desempenho: como transformar objetivos em resultados reais | Certificação ISO,23 Jun 2026 (16:45 UTC)
https://certificacaoiso.com.br/indicadores-de-desempenho-para-uma-administracao-eficiente/,Indicadores de desempenho para uma administração eficiente | Certificação ISO,23 Jun 2026 (16:45 UTC)
https://certificacaoiso.com.br/indicadores-de-desempenho-uma-analise-pratica-dessa-ferramenta/,Indicadores de Desempenho: Uma análise prática dessa ferramenta | Certificação ISO,23 Jun 2026 (16:45 UTC)
https://certificacaoiso.com.br/instrucao-de-trabalho-it/,"Instrução de Trabalho (IT) na ISO 9001, como e quando utilizar? | Certificação ISO",23 Jun 2026 (16:45 UTC)
https://certificacaoiso.com.br/inteligencia-artificial-na-gestao-como-empresas-podem-automatizar-processos-ganhar-produtividade-e-escalar-com-mais-inteligencia/,"Inteligência Artificial na Gestão: Como Empresas Podem Automatizar Processos, Ganhar Produtividade e Escalar com Mais Inteligência | Certificação ISO",23 Jun 2026 (16:45 UTC)
https://certificacaoiso.com.br/iso-22000-como-evitar-falhas-no-sistema-de-seguranca-de-alimentos/,ISO 22000: Como evitar as falhas no Sistema de Segurança de Alimentos? | Certificação ISO,23 Jun 2026 (16:45 UTC)
https://certificacaoiso.com.br/iso-22000-falhas-auditoria-parte-ii/,ISO 22000: Falhas mais frequentes na implementação do Sistema de Gestão da Segurança de Alimentos (Parte II) | Certificação ISO,23 Jun 2026 (16:45 UTC)
https://certificacaoiso.com.br/iso-50001-vamos-utilizar-energia-de-forma-inteligente/,ISO 50001: vamos utilizar a energia de forma inteligente? | Certificação ISO,23 Jun 2026 (16:45 UTC)
https://certificacaoiso.com.br/iso-9001-2015-a-importancia-da-lideranca-na-revisao-2015/,ISO 9001:2015 - A importância da liderança na revisão 2015 | Certificação ISO,23 Jun 2026 (16:45 UTC)
https://certificacaoiso.com.br/iso-9001-8-1-planejamento-e-controle-operacionais/,ISO 9001 requisitos: 8.1 – Planejamento e Controle operacionais | Certificação ISO,23 Jun 2026 (16:45 UTC)
https://certificacaoiso.com.br/iso-9001-como-ferramenta-de-auto-conhecimento-da-empresa/,A ISO 9001 como ferramenta de auto conhecimento da empresa | Certificação ISO,23 Jun 2026 (16:45 UTC)
https://certificacaoiso.com.br/iso-9001-para-pequenas-empresas-parte-2/,Vantagens da certificação ISO 9001 para pequenas empresas: faturamento e lucro maiores | Certificação ISO,23 Jun 2026 (16:45 UTC)
https://certificacaoiso.com.br/iso-9001-requisitos-4-4-processos/,ISO 9001 requisitos: 4.4 – Sistema de gestão da qualidade e seus processos | Certificação ISO,23 Jun 2026 (16:45 UTC)
https://certificacaoiso.com.br/iso-9001-requisitos-5-3-papeis-responsabilidades-e-autoridades-organizacionais/,"ISO 9001 requisitos: 5.3 - Papéis, responsabilidades e autoridades organizacionais | Certificação ISO",23 Jun 2026 (16:45 UTC)
https://certificacaoiso.com.br/iso-9001-requisitos-6-2-objetivos-da-qualidade-e-planejamento-para-alcanca-los/,ISO 9001 requisitos: 6.2 - Objetivos da qualidade e planejamento para alcançá-los | Certificação ISO,23 Jun 2026 (16:45 UTC)
https://certificacaoiso.com.br/iso-9001-requisitos-8-2-requisitos-para-produtos-e-servicos/,ISO 9001 requisitos: 8.2 – Requisitos para produtos e serviços | Certificação ISO,23 Jun 2026 (16:45 UTC)
https://certificacaoiso.com.br/iso-9001-saiba-como-o-diagnostico-empresarial-pode-ajudar-sua-empresa/,ISO 9001: saiba como o diagnóstico empresarial pode ajudar sua empresa | Certificação ISO,23 Jun 2026 (16:45 UTC)
https://certificacaoiso.com.br/iso-9001/,ISO 9001: Tudo o que você precisa saber sobre a certificação | Certificação ISO,23 Jun 2026 (16:45 UTC)
https://certificacaoiso.com.br/iso-90012015-requisito-4-1-contexto-da-organizacao/,ISO 9001:2015 Requisito 4.1 - Entendendo a organização e seu contexto | Certificação ISO,23 Jun 2026 (16:45 UTC)
https://certificacaoiso.com.br/iso-online-9001-na-folha-de-sao-paulo/,ISO Online na Folha de São Paulo: ISO 9001 cresce entre pequenas empresas | Certificação ISO,23 Jun 2026 (16:45 UTC)
https://certificacaoiso.com.br/laboratorio-fleming-celebra-a-iso-9001-e-as-novas-oportunidades-no-espaco-de-exames/,Laboratório Fleming celebra a ISO 9001 e as novas oportunidades no espaço de exames | Certificação ISO,23 Jun 2026 (16:45 UTC)
https://certificacaoiso.com.br/mais-um-caso-de-sucesso-dj-iso-9001/,Como empresas de usinagem podem alavancar negócios com a ISO 9001 | Certificação ISO,23 Jun 2026 (16:45 UTC)
https://certificacaoiso.com.br/mapeamento-de-processos-com-inteligencia-artificial/,Mapeamento de Processos da Templum Consultoria agora com Inteligência Artificial | Certificação ISO,23 Jun 2026 (16:45 UTC)
https://certificacaoiso.com.br/matriz-swot-contabilidade-como-e-por-que-fazer/,Contabilidade: como e por que fazer análise da matriz SWOT | Certificação ISO,23 Jun 2026 (16:45 UTC)
https://certificacaoiso.com.br/medo-dos-funcionarios-como-vencer-a-procrastinacao-e-conduzir-a-evolucao-da-sua-empresa-com-confianca/,Medo dos Funcionários? Como Vencer a Procrastinação e Conduzir a Evolução da Sua Empresa com Confiança | Certificação ISO,23 Jun 2026 (16:45 UTC)
https://certificacaoiso.com.br/metodologia-de-analise-solucao-de-problemas-masp/,Metodologia MASP - Metodologia de Análise e Solução de Problemas | Certificação ISO,23 Jun 2026 (16:45 UTC)
https://certificacaoiso.com.br/nova-versao-da-fssc/,As mudanças na nova versão da FSSC que podem ser surpresa às organizações na próxima auditoria | Certificação ISO,23 Jun 2026 (16:45 UTC)
https://certificacaoiso.com.br/nova-versao-fssc-22000-v4-alteracoes-relevantes-para-sua-empresa/,Nova versão do FSSC 22000 v4 – Alterações Relevantes para sua Empresa | Certificação ISO,23 Jun 2026 (16:45 UTC)
https://certificacaoiso.com.br/o-que-a-morte-de-kobe-bryant-pode-ensinar-para-o-nosso-sistema-de-gestao/,O que a morte de Kobe Bryant pode ensinar para o nosso sistema de gestão? | Certificação ISO,23 Jun 2026 (16:45 UTC)
https://certificacaoiso.com.br/o-que-e-contabilidade-gerencial/,O que é contabilidade gerencial e como utilizá-la como ferramenta estratégica da empresa | Certificação ISO,23 Jun 2026 (16:45 UTC)
https://certificacaoiso.com.br/o-que-e-o-haccp-hazard-analysis-and-control-point-system/,O que é o HACCP (Hazard Analysis and Control Point System)? | Certificação ISO,23 Jun 2026 (16:45 UTC)
https://certificacaoiso.com.br/o-que-e-seguranca-dos-alimentos/,O que é segurança dos alimentos e por que ela é tão importante? | Certificação ISO,23 Jun 2026 (16:45 UTC)
https://certificacaoiso.com.br/o-que-sao-stakeholders-e-como-eles-impactam-o-planejamento-estrategico-do-negocio/,O que são stakeholders e como eles impactam o planejamento estratégico do negócio | Certificação ISO,23 Jun 2026 (16:45 UTC)
https://certificacaoiso.com.br/o-que-uma-pequena-empresa-precisa-para-conseguir-a-certificacao-iso-9001/,O que uma pequena empresa precisa para a certificação ISO 9001? | Certificação ISO,23 Jun 2026 (16:45 UTC)
https://certificacaoiso.com.br/onde-podemos-verificar-existe-necessidade-de-providenciar-treinamentos-para-os-colaboradores/,Como verificar a necessidade de treinamentos para os colaboradores? | Certificação ISO,23 Jun 2026 (16:45 UTC)
https://certificacaoiso.com.br/os-3-pilares-da-gestao-da-qualidade-simplificado-a-gestao/,Os 3 Pilares da Gestão da Qualidade - Simplificado a Gestão | Certificação ISO,23 Jun 2026 (16:45 UTC)
https://certificacaoiso.com.br/os-desafios-da-comunicacao-interna/,Comunicação Interna: conheça os desafios e como superá-los | Certificação ISO,23 Jun 2026 (16:45 UTC)
https://certificacaoiso.com.br/ozempic-mentira-gestao-de-processos/,"Ozempic, Mounjaro e a Mentira de R$ 250 Bilhões. O que isso tem a ver com Gestão de Processos? | Certificação ISO",23 Jun 2026 (16:45 UTC)
https://certificacaoiso.com.br/perguntas-chaves-para-auxiliar-em-sua-rastreabilidade/,Perguntas chaves para auxiliar na rastreabilidade do seu sistema de gestão | Certificação ISO,23 Jun 2026 (16:45 UTC)
https://certificacaoiso.com.br/planejamento-estrategico-empresas-contabeis/,Planejamento estratégico: por que empresas contábeis devem criar um? | Certificação ISO,23 Jun 2026 (16:45 UTC)
https://certificacaoiso.com.br/plano-de-cargos-salarios-e-uma-exigencia-da-iso-9001/,O plano de cargos e salários é uma exigência da ISO 9001? | Certificação ISO,23 Jun 2026 (16:45 UTC)
https://certificacaoiso.com.br/por-quantos-auditores-deve-ser-formada-equipe-de-auditoria-interna-para-sistema-de-gestao-da-qualidade-iso-9001/,Por quantos auditores deve ser formada a equipe de auditoria? | Certificação ISO,23 Jun 2026 (16:45 UTC)
https://certificacaoiso.com.br/principais-vantagens-da-certificacao-iso-9001-para-pequenas-empresas-parte-1/,Vantagens da certificação ISO 9001 para pequenas empresas | Certificação ISO,23 Jun 2026 (16:45 UTC)
https://certificacaoiso.com.br/programa-de-qualidade-contabil-para-a-rede-nacional-de-contabilidade/,Programa de Qualidade Contábil para a Rede Nacional de Contabilidade | Certificação ISO,23 Jun 2026 (16:45 UTC)
https://certificacaoiso.com.br/programa-de-qualidade-de-empresas-contabeis-pqec-e-baseado-na-iso-9001/,Programa de Qualidade de Empresas Contábeis (PQEC) é baseado na ISO 9001 | Certificação ISO,23 Jun 2026 (16:45 UTC)
https://certificacaoiso.com.br/quais-sao-as-diferencas-entre-os-niveis-do-global-markets/,Quais são as diferenças entre os níveis do Global Markets? | Certificação ISO,23 Jun 2026 (16:45 UTC)
https://certificacaoiso.com.br/quais-sao-mudancas-mais-significativas-na-revisao-2015-da-iso-9001/,Quais são as mudanças significativas na revisão 2015 da ISO 9001? | Certificação ISO,23 Jun 2026 (16:45 UTC)
https://certificacaoiso.com.br/quais-segmentos-da-cadeia-de-alimentos-podem-se-beneficiar-dos-programas-do-gfsi/,Quais segmentos da cadeia de alimentos podem se beneficiar dos programas do GFSI? | Certificação ISO,23 Jun 2026 (16:45 UTC)
https://certificacaoiso.com.br/quer-administrar-com-sabedoria-planejamento-estrategico-e-a-solucao/,Quer administrar com sabedoria? Planejamento estratégico é a solução | Certificação ISO,23 Jun 2026 (16:45 UTC)
https://certificacaoiso.com.br/relacao-entre-politica-da-qualidade-envolvimento-das-pessoas/,A relação entre a Política da Qualidade e o Envolvimento das Pessoas | Certificação ISO,23 Jun 2026 (16:45 UTC)
https://certificacaoiso.com.br/riscos-operacao-escritorio-contabil/,Quais são os riscos na operação que seu escritório contábil está sujeito e de quem é a responsabilidade? | Certificação ISO,23 Jun 2026 (16:45 UTC)
https://certificacaoiso.com.br/satisfacao-dos-colaboradores-um-item-essencial-nas-organizacoes/,Satisfação dos colaboradores: um item essencial nas organizações | Certificação ISO,23 Jun 2026 (16:45 UTC)
https://certificacaoiso.com.br/seguranca-de-alimentos-auditorias-nao-anunciadas/,Segurança de alimentos: Quais são as novidades sobre as Auditorias? | Certificação ISO,23 Jun 2026 (16:45 UTC)
https://certificacaoiso.com.br/seguranca-de-alimentos/,A Cultura da Segurança de Alimentos: Por Que Ela É Essencial para o Seu Negócio? | Certificação ISO,23 Jun 2026 (16:45 UTC)
https://certificacaoiso.com.br/seguranca-dos-alimentos-como-oportunidade/,A segurança dos alimentos: uma oportunidade para novos negócios | Certificação ISO,23 Jun 2026 (16:45 UTC)
https://certificacaoiso.com.br/seguranca-dos-alimentos-nao-basta-ser-gostoso-deve-ter-qualidade/,"Segurança dos alimentos: não basta ser gostoso, deve ter qualidade. | Certificação ISO",23 Jun 2026 (16:45 UTC)
https://certificacaoiso.com.br/seguranca-dos-alimentos/,Como a segurança dos alimentos está relacionada à qualidade de um alimento? | Certificação ISO,23 Jun 2026 (16:45 UTC)
https://certificacaoiso.com.br/sites-destacam-crescimento-iso9001-entre-micro-pequenas-empresa/,Sites destacam crescimento da ISO 9001 entre micro e pequenas empresas | Certificação ISO,23 Jun 2026 (16:45 UTC)
https://certificacaoiso.com.br/tirar-o-seu-planejamento-do-papel-e-torna-lo-realidade/,Saiba como tirar o seu planejamento do papel e torná-lo realidade | Certificação ISO,23 Jun 2026 (16:45 UTC)
https://certificacaoiso.com.br/transforme-sua-empresa-com-o-toque-de-midas-a-revolucao-da-certificacao-iso/,"Transforme sua Empresa com o ""Toque de Midas"": A Revolução da Certificação ISO | Certificação ISO",23 Jun 2026 (16:45 UTC)
https://certificacaoiso.com.br/uma-analise-sobre-nova-medida-conar-sobre-greenwashing/,"Uma breve análise sobre a nova medida do CONAR sobre ""Greenwashing"" | Certificação ISO",23 Jun 2026 (16:45 UTC)
https://certificacaoiso.com.br/vale-a-pena-investir-em-uma-certificacao-iso-descubra-o-custo-o-prazo-e-o-verdadeiro-retorno-para-sua-empresa/,"Vale a pena investir em uma certificação ISO? Descubra o custo, o prazo e o verdadeiro retorno para sua empresa | Certificação ISO",23 Jun 2026 (16:45 UTC)
https://certificacaoiso.com.br/voce-sabe-se-esta-perdendo-dinheiro-com-sua-producao-de-alimentos/,Você sabe avaliar se está perdendo dinheiro com sua produção de alimentos? | Certificação ISO,23 Jun 2026 (16:45 UTC)
https://www.certificacaoiso.com.br/12-ideias-para-provocar-mudancas-de-comportamento-e-melhorar-seus-resultados/,12 Ideias para provocar mudanças de comportamento e melhorar seus resultados | Certificação ISO,23 Jun 2026 (16:45 UTC)
https://www.certificacaoiso.com.br/4-dicas-de-comunicacao-interna-para-voce-envolver-seus-funcionario/,4 dicas de comunicação interna para você envolver seus funcionários | Certificação ISO,23 Jun 2026 (16:45 UTC)
https://www.certificacaoiso.com.br/4-dicas-matadoras-para-envolver-colaboradores-na-implementacao-de-sistema-de-gestao/,4 dicas para envolver colaboradores na implementação de sistema de gestão | Certificação ISO,23 Jun 2026 (16:45 UTC)
https://www.certificacaoiso.com.br/4-passos-para-otimizar-a-gestao-de-informacao-e-infraestrutura-da-sua-empresa/,4 Passos para otimizar a Gestão de Informação e Infraestrutura da sua empresa | Certificação ISO,23 Jun 2026 (16:45 UTC)
https://www.certificacaoiso.com.br/4-razoes-escritorios-contabeis-retrabalho/,4 razões pelas quais os escritórios contábeis se deparam com retrabalho | Certificação ISO,23 Jun 2026 (16:45 UTC)
https://www.certificacaoiso.com.br/5-dicas-conseguir-mais-clientes-escritorio-contabil/,Escritório contábil: 5 dicas para conquistar mais clientes | Certificação ISO,23 Jun 2026 (16:45 UTC)
https://www.certificacaoiso.com.br/5-dicas-praticas-para-melhorar-o-engajamento-de-pessoas-em-sua-empresa/,5 Dicas práticas para melhorar o engajamento de pessoas em sua empresa | Certificação ISO,23 Jun 2026 (16:45 UTC)
https://www.certificacaoiso.com.br/5-maneiras-de-melhorar-a-comunicacao-entre-coordenadorias-e-gerencias/,5 maneiras de melhorar a comunicação entre coordenadorias e gerências | Certificação ISO,23 Jun 2026 (16:45 UTC)
https://www.certificacaoiso.com.br/5-meios-de-comunicacao-interna-que-podem-ser-feitos-com-baixo-custo-pelas-pmes/,5 meios de comunicação interna com baixo custo para as PMEs | Certificação ISO,23 Jun 2026 (16:45 UTC)
https://www.certificacaoiso.com.br/8-tecnicas-que-os-grandes-lideres-usam-para-motivar-pessoas/,8 Técnicas que os grandes líderes usam para motivar pessoas | Certificação ISO,23 Jun 2026 (16:45 UTC)
https://www.certificacaoiso.com.br/a-essencia-da-gestao-da-qualidade/,A Essência da Gestão da Qualidade: Transformação e Excelência | Certificação ISO,23 Jun 2026 (16:45 UTC)
https://www.certificacaoiso.com.br/a-importancia-da-gestao-do-conhecimento-organizacional-para-a-continuidade-do-negocio/,A importância da gestão do conhecimento organizacional para a continuidade do negócio | Certificação ISO,23 Jun 2026 (16:45 UTC)
https://www.certificacaoiso.com.br/a-importancia-da-norma-iatf-16949/,A Importância da Norma IATF 16.949 para o mercado automotivo | Certificação ISO,23 Jun 2026 (16:45 UTC)
https://www.certificacaoiso.com.br/a-importancia-de-construir-meios-de-comunicacao-na-empresa/,A importância de construir meios de comunicação na empresa | Certificação ISO,23 Jun 2026 (16:45 UTC)
https://www.certificacaoiso.com.br/a-importancia-do-comprometimento-organizacional-para-o-sucesso-da-implementacao-de-sistemas-de-gestao/,Comprometimento organizacional para a implementação de sistemas de gestão | Certificação ISO,23 Jun 2026 (16:45 UTC)
https://www.certificacaoiso.com.br/abordagem-de-processos/,Abordagem de Processos: 5 dicas para iniciar na sua empresa - Simplificando a Gestão | Certificação ISO,23 Jun 2026 (16:45 UTC)
https://www.certificacaoiso.com.br/algumas-palavras-sobre-iso-9001-e-padronizacao-2/,Algumas palavras sobre ISO 9001 e padronização para sua empresa | Certificação ISO,23 Jun 2026 (16:45 UTC)
https://www.certificacaoiso.com.br/alicerce-da-implementacao-iso-9001-controle-de-documentos/,O alicerce da implementação ISO 9001 - Controle de Documentos | Certificação ISO,23 Jun 2026 (16:45 UTC)
https://www.certificacaoiso.com.br/amazonas-energia-manaus-busca-ampliar-certificacao-iso-9001-em-suas-unidades/,Amazonas Energia busca ampliar a certificação ISO 9001 em suas unidades | Certificação ISO,23 Jun 2026 (16:45 UTC)
https://www.certificacaoiso.com.br/aproveitando-iso-9001-para-alcancar-o-real-valor-de-negocios/,Aproveitando ISO 9001 para alcançar o real valor de negócios | Certificação ISO,23 Jun 2026 (16:45 UTC)
https://www.certificacaoiso.com.br/as-sete-ferramentas-da-qualidade/,As sete ferramentas da qualidade: entenda quais são e as suas principais funções | Certificação ISO,23 Jun 2026 (16:45 UTC)
https://www.certificacaoiso.com.br/asv-conquista-certificacao-iso-9001-ajuda-da-iso-online/,ASV conquista certificação ISO 9001 com ajuda da ISO Online | Certificação ISO,23 Jun 2026 (16:45 UTC)
https://www.certificacaoiso.com.br/atendimento-telefonico/,10 Dicas para potencializar o atendimento telefônico ao cliente | Certificação ISO,23 Jun 2026 (16:45 UTC)
https://www.certificacaoiso.com.br/atracao-e-retencao-de-clientes-em-tempos-de-crise-como-fazer/,Atração e retenção de clientes em tempos de crise: como fazer? | Certificação ISO,23 Jun 2026 (16:45 UTC)
https://www.certificacaoiso.com.br/auditoria-a-ferramenta-que-voce-precisa-para-conhecer-seu-negocio-profundamente/,Auditoria: a ferramenta que você PRECISA para conhecer seu negócio profundamente! | Certificação ISO,23 Jun 2026 (16:45 UTC)
https://www.certificacaoiso.com.br/auditoria-interna-como-transformar-a-certificacao-em-melhoria-continua/,Auditoria Interna: como transformar a certificação em melhoria contínua | Certificação ISO,23 Jun 2026 (16:45 UTC)
https://www.certificacaoiso.com.br/auditoria-interna-de-sistemas-de-gestao-cumprir-o-requisito-da-norma-ou-buscar-oportunidades-de-melhoria-na-empresa/,Auditoria Interna: cumprir requisito ou buscar oportunidades de melhoria? | Certificação ISO,23 Jun 2026 (16:45 UTC)
https://www.certificacaoiso.com.br/auditoria-interna-vamos-mandar-embora-a-bruxa-que-existe/,"Auditoria interna, vamos mandar embora a bruxa que existe. | Certificação ISO",23 Jun 2026 (16:45 UTC)
https://www.certificacaoiso.com.br/auditoria-iso9001-como-transformar-conformidade-em-vantagem/,Auditoria ISO 9001: Como Transformar Conformidade em Vantagem Competitiva | Certificação ISO,23 Jun 2026 (16:45 UTC)
https://www.certificacaoiso.com.br/aumente-a-eficiencia-operacional-utilizando-o-mapeamento-de-processos/,Aumente a eficiência operacional utilizando o mapeamento de processos | Certificação ISO,23 Jun 2026 (16:45 UTC)
https://www.certificacaoiso.com.br/aumente-a-sua-exportacao-com-um-sistema-de-gestao-da-qualidade-iso-9001/,Aumente a sua exportação com um sistema de gestão da qualidade (ISO 9001) | Certificação ISO,23 Jun 2026 (16:45 UTC)
https://www.certificacaoiso.com.br/balanced-scorecard-transformando-estrategias-em-processos/,Balanced Scorecard: transformando estratégias em processos | Certificação ISO,23 Jun 2026 (16:45 UTC)
https://www.certificacaoiso.com.br/beneficios-e-desafios-da-avaliacao-remota-de-conformidade/,Benefícios e desafios da avaliação remota de conformidade | Certificação ISO,23 Jun 2026 (16:45 UTC)
https://www.certificacaoiso.com.br/beneficios-iso9001-traz-uma-clinica-odontologica/,Que benefícios a ISO9001 traz a uma clinica odontológica? | Certificação ISO,23 Jun 2026 (16:45 UTC)
https://www.certificacaoiso.com.br/caso-de-sucesso-implementacao-iso-9001-na-empresa-dataflex/,Caso de Sucesso - Implementação ISO 9001 na empresa Dataflex | Certificação ISO,23 Jun 2026 (16:45 UTC)
https://www.certificacaoiso.com.br/certificacao-iso-9001-com-inteligencia-artificial-o-que-voce-precisa-saber/,Certificação ISO 9001 com Inteligência Artificial: o que você precisa saber | Certificação ISO,23 Jun 2026 (16:45 UTC)
https://www.certificacaoiso.com.br/certificacao-iso-9001-garante-respeitabilidade-no-mercado/,Certificação ISO 9001 garante respeitabilidade no mercado | Certificação ISO,23 Jun 2026 (16:45 UTC)
https://www.certificacaoiso.com.br/certificacao-iso-para-franquias/,Os 5 passos do sucesso para iniciar a certificação ISO 9001 da sua franquia | Certificação ISO,23 Jun 2026 (16:45 UTC)
https://www.certificacaoiso.com.br/certificar-iso-9001-ou-outras-normas-iso-da-lucro-ou-prejuizo/,Certificar ISO 9001 ou outras normas ISO dão lucro ou prejuízo? | Certificação ISO,23 Jun 2026 (16:45 UTC)
https://www.certificacaoiso.com.br/cipa-e-a-iso-45001-ajudar-gestao-de-sso/,CIPA e a ISO 45001 – Ela pode ajudar na sua Gestão de SSO | Certificação ISO,23 Jun 2026 (16:45 UTC)
https://www.certificacaoiso.com.br/cliente-fala-na-bandnews-sobre-certificacao-iso9001/,Cliente ISO Online fala na Bandnews sobre a Certificação ISO 9001 | Certificação ISO,23 Jun 2026 (16:45 UTC)
https://www.certificacaoiso.com.br/como-a-certificacao-iso-pode-transformar-seu-negocio-em-2025/,Como a Certificação ISO Pode Transformar Seu Negócio em 2025 | Certificação ISO,23 Jun 2026 (16:45 UTC)
https://www.certificacaoiso.com.br/como-a-comunicacao-interna-pode-melhorar-a-produtividade-das-pmes/,Como a comunicação interna pode melhorar a produtividade das PMEs | Certificação ISO,23 Jun 2026 (16:45 UTC)
https://www.certificacaoiso.com.br/como-a-correta-divulgacao-da-iso-9001-pode-melhorar-os-seus-resultados-na-empresa/,Como a correta divulgação da ISO 9001 pode melhorar os seus resultados na empresa | Certificação ISO,23 Jun 2026 (16:45 UTC)
https://www.certificacaoiso.com.br/como-a-iso-9001-em-tempos-de-crise/,Como a ISO 9001 pode ajudar as empresas em tempos de crise? | Certificação ISO,23 Jun 2026 (16:45 UTC)
https://www.certificacaoiso.com.br/como-a-revisao-da-iso-90012015-afeta-a-minha-empresa/,ISO 9001:2015 - Como a revisão da Norma afeta a minha empresa? | Certificação ISO,23 Jun 2026 (16:45 UTC)
https://www.certificacaoiso.com.br/como-ajudar-cliente-contratar-servicos-contabilidade/,Contratação serviços contabilidade: dicas para ajudar o cliente a contratar sua empresa | Certificação ISO,23 Jun 2026 (16:45 UTC)
https://www.certificacaoiso.com.br/como-ampliar-o-leque-de-servicos-de-um-escritorio-de-advocacia/,Como ampliar o leque de serviços de um escritório de Advocacia? | Certificação ISO,23 Jun 2026 (16:45 UTC)
https://www.certificacaoiso.com.br/como-aplicar-a-motivacao-e-disciplina-do-esporte-no-seu-negocio/,Como aplicar a motivação e disciplina do esporte no seu negócio | Certificação ISO,23 Jun 2026 (16:45 UTC)
https://www.certificacaoiso.com.br/como-as-martechs-podem-ajudar-a-fidelizar-seus-clientes/,Como as martechs podem ajudar na fidelização dos seus clientes? | Certificação ISO,23 Jun 2026 (16:45 UTC)
https://www.certificacaoiso.com.br/como-as-pmes-podem-usar-a-comunicacao-interna-para-reter-talentos/,Comunicação interna: como as PMEs podem usá-la para reter talentos | Certificação ISO,23 Jun 2026 (16:45 UTC)
https://www.certificacaoiso.com.br/como-as-pmes-podem-usar-a-comunicacao-para-diminuir-impactos-das-mudancas/,Como as PMEs podem usar a comunicação para diminuir impactos das mudanças | Certificação ISO,23 Jun 2026 (16:45 UTC)
https://www.certificacaoiso.com.br/como-atrair-clientes-para-escritorio-contabil/,Como atrair clientes para o seu escritório contábil através do mundo digital | Certificação ISO,23 Jun 2026 (16:45 UTC)
https://www.certificacaoiso.com.br/como-convencer-cliente-ajustar-honorarios-contabeis/,Honorários contábeis: como convencer o cliente a ajustá-los conforme o aumento da responsabilidade do escritório? | Certificação ISO,23 Jun 2026 (16:45 UTC)
https://www.certificacaoiso.com.br/como-convencer-implementacao-iso-9001/,ISO 9001: Como convencer a alta direção sobre a implementação? | Certificação ISO,23 Jun 2026 (16:45 UTC)
https://www.certificacaoiso.com.br/como-criar-processos-solidos-para-recrutar-capacitar-e-motivar-sua-equipe/,"Como criar processos sólidos para recrutar, capacitar e motivar sua equipe | Certificação ISO",23 Jun 2026 (16:45 UTC)
https://www.certificacaoiso.com.br/como-empresas-de-seguranca-podem-reduzir-despesas-com-afastamento-por-problemas-de-saude-ocupacional/,Como reduzir despesas com afastamento por problemas de saúde | Certificação ISO,23 Jun 2026 (16:45 UTC)
https://www.certificacaoiso.com.br/como-engajar-os-colaboradores-na-implementacao-de-sistemas-de-gestao/,Como engajar os colaboradores na implementação de Sistemas de Gestão? | Certificação ISO,23 Jun 2026 (16:45 UTC)
https://www.certificacaoiso.com.br/como-estabelecer-indicadores-de-desempenho/,Como estabelecer Indicadores de Desempenho realmente eficazes | Certificação ISO,23 Jun 2026 (16:45 UTC)
https://www.certificacaoiso.com.br/como-fazer-campanhas-de-comunicacao-para-o-engajamento-dos-colaboradores/,Como fazer campanhas de comunicação para gerar engajamento nos colaboradores | Certificação ISO,23 Jun 2026 (16:45 UTC)
https://www.certificacaoiso.com.br/como-fazer-uma-analise-critica-da-sua-empresa/,Análise Crítica: como analisar criticamente a sua empresa? | Certificação ISO,23 Jun 2026 (16:45 UTC)
https://www.certificacaoiso.com.br/como-fazer-uma-pesquisa-de-satisfacao-sem-gastar-nada-2/,Aprenda a fazer uma pesquisa de satisfação sem gastar nada | Certificação ISO,23 Jun 2026 (16:45 UTC)
https://www.certificacaoiso.com.br/como-garantir-o-aumento-da-satisfacao-da-sua-equipe-de-trabalho/,Como garantir o aumento da satisfação da sua equipe de trabalho | Certificação ISO,23 Jun 2026 (16:45 UTC)
https://www.certificacaoiso.com.br/como-identificar-falhas-no-processo-de-vendas-atraves-dos-indicadores-de-performance/,Como identificar falhas no processo de vendas através dos indicadores de performance | Certificação ISO,23 Jun 2026 (16:45 UTC)
https://www.certificacaoiso.com.br/como-investir-certo-nos-treinamentos-necessarios-a-adequacao-para-iso-9001/,Como investir certo nos treinamentos necessários à adequação para ISO 9001 | Certificação ISO,23 Jun 2026 (16:45 UTC)
https://www.certificacaoiso.com.br/como-lidar-com-a-inadimplencia-dos-honorarios-contabeis/,Como você lida com a inadimplência dos honorários contábeis? | Certificação ISO,23 Jun 2026 (16:45 UTC)
https://www.certificacaoiso.com.br/como-mapear-processos-e-atender-os-requisitos-da-iso-90012015-utilizando-tartaruga-turbinada-da-templum/,ISO 9001: Como mapear processos utilizando a Tartaruga Turbinada da Templum | Certificação ISO,23 Jun 2026 (16:45 UTC)
https://www.certificacaoiso.com.br/como-nao-deixar-a-tecnologia-acabar-com-a-contabilidade/,Como não deixar a tecnologia acabar com seu escritório de contabilidade | Certificação ISO,23 Jun 2026 (16:45 UTC)
https://www.certificacaoiso.com.br/como-os-acidentes-nas-obras-dos-estadios-da-copa-poderiam-ser-evitados/,Como os acidentes nas obras dos estádios da Copa poderiam ser evitados | Certificação ISO,23 Jun 2026 (16:45 UTC)
https://www.certificacaoiso.com.br/como-pmes-podem-se-beneficiar-melhorando-a-comunicacao-interna/,Como PMEs podem se beneficiar melhorando a comunicação interna | Certificação ISO,23 Jun 2026 (16:45 UTC)
https://www.certificacaoiso.com.br/como-promover-eventos-internos-que-reforcem-os-propositos-da-empresa/,Como promover eventos internos que reforcem os propósitos da empresa | Certificação ISO,23 Jun 2026 (16:45 UTC)
https://www.certificacaoiso.com.br/como-promover-mudancas-organizacionais-sem-desmotivar-seus-funcionarios/,Como promover mudanças organizacionais sem desmotivar seus funcionários | Certificação ISO,23 Jun 2026 (16:45 UTC)
https://www.certificacaoiso.com.br/como-reduzir-o-absenteismo-e-a-rotatividade-com-indicadores-reconhecimento-e-gestao-pela-iso-9001/,"Como reduzir o absenteísmo e a rotatividade com indicadores, reconhecimento e gestão pela ISO 9001 | Certificação ISO",23 Jun 2026 (16:45 UTC)
https://www.certificacaoiso.com.br/como-saber-se-os-processos-estao-sendo-executados-como-deveriam/,Como saber se os processos estão sendo executados como deveriam? | Certificação ISO,23 Jun 2026 (16:45 UTC)
https://www.certificacaoiso.com.br/como-trazer-a-melhoria-continua-para-o-dia-a-dia-das-empresas/,Como trazer a melhoria contínua para o dia a dia das empresas? | Certificação ISO,23 Jun 2026 (16:45 UTC)
https://www.certificacaoiso.com.br/como-utilizar-a-comunicacao-para-motivar-pessoas-em-tempos-dificeis/,Como utilizar a comunicação para motivar pessoas em tempos difíceis | Certificação ISO,23 Jun 2026 (16:45 UTC)
https://www.certificacaoiso.com.br/como-vender-mais/,Como vender mais com a integração entre as áreas de Marketing e Vendas | Certificação ISO,23 Jun 2026 (16:45 UTC)
https://www.certificacaoiso.com.br/comunicacao-torna-escritorio-contabil-competitivo/,Como as ferramentas de comunicação e treinamento tornam o escritório contábil mais competitivo | Certificação ISO,23 Jun 2026 (16:45 UTC)
https://www.certificacaoiso.com.br/conscientizacao-na-iso-9001-por-que-o-requisito-7-3-e-essencial-para-um-sistema-de-gestao-da-qualidade-eficaz/,Conscientização na ISO 9001: por que o requisito 7.3 é essencial para um Sistema de Gestão da Qualidade eficaz | Certificação ISO,23 Jun 2026 (16:45 UTC)
https://www.certificacaoiso.com.br/consultoria-iso-com-inteligencia-artificial-como-a-templum-esta-simplificando-a-certificacao-e-a-gestao-empresarial/,Consultoria ISO com inteligência artificial: como a Templum está simplificando a certificação e a gestão empresarial | Certificação ISO,23 Jun 2026 (16:45 UTC)
https://www.certificacaoiso.com.br/consultoria-presencial-vs-metodologia-templum-por-que-o-modelo-tradicional-ficou-para-tras/,Consultoria Presencial vs. Metodologia Templum: Por que o modelo tradicional ficou para trás | Certificação ISO,23 Jun 2026 (16:45 UTC)
https://www.certificacaoiso.com.br/contratacao-de-funcionarios-qualificados-aprenda-com-5-dicas/,Contratação de funcionários qualificados: Aprenda com 5 dicas! | Certificação ISO,23 Jun 2026 (16:45 UTC)
https://www.certificacaoiso.com.br/controle-de-documentos-na-iso-9001/,Controle de Documentos e Procedimentos Obrigatórios na nova versão da ISO 9001 | Certificação ISO,23 Jun 2026 (16:45 UTC)
https://www.certificacaoiso.com.br/controle-de-fornecedores-como-atender-ao-requisito-8-4-da-iso-9001-com-seguranca-clareza-e-eficiencia/,"Controle de fornecedores: como atender ao requisito 8.4 da ISO 9001 com segurança, clareza e eficiência | Certificação ISO",23 Jun 2026 (16:45 UTC)
https://www.certificacaoiso.com.br/controle-de-fornecedores-na-iso-9001/,Guia Completo: Domine o Controle de Fornecedores na ISO 9001 | Certificação ISO,23 Jun 2026 (16:45 UTC)
https://www.certificacaoiso.com.br/controle-documentos-sgq/,O controle dos documentos do SGQ em meios eletrônicos. Como proceder? | Certificação ISO,23 Jun 2026 (16:45 UTC)
https://www.certificacaoiso.com.br/controle-vida-financeira-e-dos-seus-negocios/,Como conquistar o controle da sua vida financeira e dos seus negócios | Certificação ISO,23 Jun 2026 (16:45 UTC)
https://www.certificacaoiso.com.br/conversao-de-vendas-com-inteligencia-artificial-como-unir-processo-estrategia-e-ia-para-vender-mais/,"Conversão de vendas com inteligência artificial: como unir processo, estratégia e IA para vender mais | Certificação ISO",23 Jun 2026 (16:45 UTC)
https://www.certificacaoiso.com.br/copa-mundo-brasil-empresas-qualidade/,"A Copa do Mundo no Brasil, as empresas, a qualidade e o meio ambiente | Certificação ISO",23 Jun 2026 (16:45 UTC)
https://www.certificacaoiso.com.br/copias-controladas-copias-nao-controladas-em-sistema-de-gestao-como-agir/,Cópias Controladas e Cópias Não Controladas em Sistema de Gestão | Certificação ISO,23 Jun 2026 (16:45 UTC)
https://www.certificacaoiso.com.br/crm-inteligente-como-a-inteligencia-artificial-esta-transformando-a-gestao-de-clientes-processos-e-vendas/,"CRM Inteligente: Como a Inteligência Artificial Está Transformando a Gestão de Clientes, Processos e Vendas | Certificação ISO",23 Jun 2026 (16:45 UTC)
https://www.certificacaoiso.com.br/cultura-de-seguranca-de-alimentos-como-implementar-de-forma-pratica-continua-e-auditavel-nas-empresas/,"Cultura de Segurança de Alimentos: como implementar de forma prática, contínua e auditável nas empresas | Certificação ISO",23 Jun 2026 (16:45 UTC)
https://www.certificacaoiso.com.br/descubra-qual-norma-iso-faz-mais-sentido-para-sua-empresa-de-engenharia-ou-arquitetura/,Descubra qual norma ISO faz mais sentido para sua empresa de Engenharia ou Arquitetura | Certificação ISO,23 Jun 2026 (16:45 UTC)
https://www.certificacaoiso.com.br/descubra-se-seus-funcionarios-estao-envolvidos-ou-engajados-no-negocio/,Descubra se seus funcionários estão envolvidos ou engajados no negócio | Certificação ISO,23 Jun 2026 (16:45 UTC)
https://www.certificacaoiso.com.br/diagnostico-de-gestao-da-qualidade-simplificando-a-gestao/,Diagnóstico de Gestão da Qualidade - Simplificando a Gestão | Certificação ISO,23 Jun 2026 (16:45 UTC)
https://www.certificacaoiso.com.br/dimarzio-imoveis-e-primeira-imobiliaria-de-campinas-conquistar-iso-9001/,Dimarzio Imóveis: primeira imobiliária de Campinas a conquistar a ISO 9001 | Certificação ISO,23 Jun 2026 (16:45 UTC)
https://www.certificacaoiso.com.br/dj-primeira-usar-iso-online-conquista-certificacao-iso-9001/,"D&J, a primeira a usar a ISO Online, conquista a certificação ISO 9001 | Certificação ISO",23 Jun 2026 (16:45 UTC)
https://www.certificacaoiso.com.br/dpo-na-pratica-por-que-a-protecao-de-dados-deixou-de-ser-apenas-uma-obrigacao-legal-e-virou-vantagem-competitiva/,DPO na prática: por que a proteção de dados deixou de ser apenas uma obrigação legal e virou vantagem competitiva | Certificação ISO,23 Jun 2026 (16:45 UTC)
https://www.certificacaoiso.com.br/e-possivel-obter-lucro-com-saude-e-seguranca-do-trabalho/,É possível obter lucro com saúde e segurança do trabalho? | Certificação ISO,23 Jun 2026 (16:45 UTC)
https://www.certificacaoiso.com.br/empresas-de-softwares-lucram-com-iso-9001/,ISO 9001 para empresas de software: mais lucro para os negócios | Certificação ISO,23 Jun 2026 (16:45 UTC)
https://www.certificacaoiso.com.br/empresas-e-funcionarios-sao-beneficiarios-diretos-da-iso-9001/,Empresas e funcionários são beneficiários diretos da ISO 9001 | Certificação ISO,23 Jun 2026 (16:45 UTC)
https://www.certificacaoiso.com.br/evolucao-das-metodologias-de-implementacao-de-sistemas-de-gestao/,A evolução das metodologias de implementação de sistemas de gestão | Certificação ISO,23 Jun 2026 (16:45 UTC)
https://www.certificacaoiso.com.br/fase-01-fase-02-na-auditoria-de-certificacao-qual-e-diferenca/,Fase 01 e Fase 02 na auditoria de certificação. Qual é a diferença? | Certificação ISO,23 Jun 2026 (16:45 UTC)
https://www.certificacaoiso.com.br/ferramentas-de-mapeamento-de-processos/,Supere os Obstáculos: Ferramentas de Mapeamento de Processos Essenciais | Certificação ISO,23 Jun 2026 (16:45 UTC)
https://www.certificacaoiso.com.br/ferramentas-para-gestao-de-riscos-em-uma-empresa/,As 5 ferramentas da qualidade mais usadas para a Gestão de Riscos em uma empresa | Certificação ISO,23 Jun 2026 (16:45 UTC)
https://www.certificacaoiso.com.br/ferramentas-para-melhorar-gestao-estrategica/,Gestão estratégica: 3 ferramentas para melhorar a gestão da sua empresa | Certificação ISO,23 Jun 2026 (16:45 UTC)
https://www.certificacaoiso.com.br/foco-no-cliente-x-foco-do-cliente-um-novo-conceito-em-negocios/,Foco no cliente X foco do cliente: um novo conceito em negócios | Certificação ISO,23 Jun 2026 (16:45 UTC)
https://www.certificacaoiso.com.br/folha-de-sao-paulo-iso-9001-cresce-entre-pequenas-empresas/,Folha de São Paulo: ISO 9001 cresce entre pequenas empresas | Certificação ISO,23 Jun 2026 (16:45 UTC)
https://www.certificacaoiso.com.br/forum-economico-mundial-como-afeta-seu-sistema-de-gestao/,Fórum Econômico Mundial: Como afeta seu Sistema de Gestão? | Certificação ISO,23 Jun 2026 (16:45 UTC)
https://www.certificacaoiso.com.br/gestao-com-inteligencia-artificial-como-repensar-sua-empresa-para-crescer-com-mais-eficiencia/,Gestão com Inteligência Artificial: como repensar sua empresa para crescer com mais eficiência | Certificação ISO,23 Jun 2026 (16:45 UTC)
https://www.certificacaoiso.com.br/gestao-da-mudanca/,"Gestão da Mudança: Transpondo o paradigma ""sempre fiz assim, por que mudar?"" | Certificação ISO",23 Jun 2026 (16:45 UTC)
https://www.certificacaoiso.com.br/gestao-das-pessoas-processo-de-implementacao-da-iso-9001/,A Gestão das Pessoas no Processo de Implementação da ISO 9001 | Certificação ISO,23 Jun 2026 (16:45 UTC)
https://www.certificacaoiso.com.br/gestao-de-melhoria-3-dicas-para-melhorar-sua-empresa-1-todo-dia/,Gestão de Melhoria: 3 Dicas para Melhorar sua empresa 1% todo dia. | Certificação ISO,23 Jun 2026 (16:45 UTC)
https://www.certificacaoiso.com.br/gestao-de-pessoas-dicas-para-aumentar-o-envolvimento-de-toda-sua-equipe-de-trabalho/,Gestão de Pessoas: Dicas para aumentar o envolvimento da sua equipe de trabalho. | Certificação ISO,23 Jun 2026 (16:45 UTC)
https://www.certificacaoiso.com.br/gestao-de-pessoas-na-pratica-3-dicas-para-implementar-simplificando-a-gestao/,Gestão de Pessoas na Prática: 3 dicas para implementar - Simplificando a Gestão | Certificação ISO,23 Jun 2026 (16:45 UTC)
https://www.certificacaoiso.com.br/gestao-de-processos-empresariais-como-organizar-sua-empresa-para-crescer-com-clareza-controle-e-previsibilidade/,"Gestão de processos empresariais: como organizar sua empresa para crescer com clareza, controle e previsibilidade | Certificação ISO",23 Jun 2026 (16:45 UTC)
https://www.certificacaoiso.com.br/gestao-de-projeto-e-desenvolvimento/,7 Passos Para Gestão de Projeto e Desenvolvimento (P&D) na Gestão da Qualidade | Certificação ISO,23 Jun 2026 (16:45 UTC)
https://www.certificacaoiso.com.br/gestao-de-qualidade-gestao-estrategica-fatores-criticos-de-sucesso/,Gestão de Qualidade e Gestão Estratégica – Fatores Críticos de Sucesso | Certificação ISO,23 Jun 2026 (16:45 UTC)
https://www.certificacaoiso.com.br/gestao-de-resultados-5-dicas-para-tomar-decisoes-com-base-em-dados/,Gestão de Resultados - 5 dicas para tomar decisões com base em dados. | Certificação ISO,23 Jun 2026 (16:45 UTC)
https://www.certificacaoiso.com.br/gestao-e-processos-como-construir-uma-empresa-organizada-escalavel-e-preparada-para-crescer/,"Gestão e processos: como construir uma empresa organizada, escalável e preparada para crescer | Certificação ISO",23 Jun 2026 (16:45 UTC)
https://www.certificacaoiso.com.br/gestao-estrategica-3-dicas-para-simplificar-e-aplicar-na-sua-empresa-simplificando-a-gestao/,Gestão Estratégica: 3 dicas para simplificar e aplicar na sua empresa - Simplificando a Gestão | Certificação ISO,23 Jun 2026 (16:45 UTC)
https://www.certificacaoiso.com.br/gestao-operacional-5-passos-para-aplicar-no-seu-negocio-simplificando-a-gestao/,Gestão Operacional - 5 passos para aplicar no seu negócio - Simplificando a Gestão | Certificação ISO,23 Jun 2026 (16:45 UTC)
https://www.certificacaoiso.com.br/gestao-por-indicadores-de-desempenho-entenda-a-sua-empresa-profundamente/,Gestão por indicadores de desempenho: entenda a sua empresa profundamente | Certificação ISO,23 Jun 2026 (16:45 UTC)
https://www.certificacaoiso.com.br/governanca-corporativa-o-guia-para-o-sucesso-do-seu-negocio/,Governança Corporativa: O Guia para o Sucesso do seu Negócio | Certificação ISO,23 Jun 2026 (16:45 UTC)
https://www.certificacaoiso.com.br/governanca-corporativa-o-pilar-estrategico-para-empresas-mais-solidas-transparentes-e-sustentaveis/,"Governança Corporativa: o pilar estratégico para empresas mais sólidas, transparentes e sustentáveis | Certificação ISO",23 Jun 2026 (16:45 UTC)
https://www.certificacaoiso.com.br/grandes-empresas-exigem-certificacao-iso-9001-de-seus-fornecedores/,O que faz uma grande empresa exigir a certificação ISO 9001 de seus fornecedores? | Certificação ISO,23 Jun 2026 (16:45 UTC)
https://www.certificacaoiso.com.br/impacto-das-mudancas-das-normas-regulamentadoras-nrs-em-seu-sistema-de-gestao/,Impacto das mudanças das Normas Regulamentadoras (NRs) em seu sistema de gestão. | Certificação ISO,23 Jun 2026 (16:45 UTC)
https://www.certificacaoiso.com.br/impactos-do-pgr/,Impactos do PGR - Um marco para a área de Saúde e Segurança no Trabalho | Certificação ISO,23 Jun 2026 (16:45 UTC)
https://www.certificacaoiso.com.br/implantacao-ou-implementacao-de-sgq-qual-forma-correta/,Implantação ou Implementação de SGQ...qual a forma correta? | Certificação ISO,23 Jun 2026 (16:45 UTC)
https://www.certificacaoiso.com.br/importancia-de-um-contrato-de-prestacao-de-servicos-contabeis/,Qual é a importância de um contrato de prestação de serviços contábeis bem elaborado? | Certificação ISO,23 Jun 2026 (16:45 UTC)
https://www.certificacaoiso.com.br/indicadores-de-desempenho-como-transformar-objetivos-em-resultados-reais/,Indicadores de desempenho: como transformar objetivos em resultados reais | Certificação ISO,23 Jun 2026 (16:45 UTC)
https://www.certificacaoiso.com.br/indicadores-de-desempenho-para-uma-administracao-eficiente/,Indicadores de desempenho para uma administração eficiente | Certificação ISO,23 Jun 2026 (16:45 UTC)
https://www.certificacaoiso.com.br/indicadores-de-desempenho-uma-analise-pratica-dessa-ferramenta/,Indicadores de Desempenho: Uma análise prática dessa ferramenta | Certificação ISO,23 Jun 2026 (16:45 UTC)
https://www.certificacaoiso.com.br/instrucao-de-trabalho-it/,"Instrução de Trabalho (IT) na ISO 9001, como e quando utilizar? | Certificação ISO",23 Jun 2026 (16:45 UTC)
https://www.certificacaoiso.com.br/inteligencia-artificial-na-gestao-como-empresas-podem-automatizar-processos-ganhar-produtividade-e-escalar-com-mais-inteligencia/,"Inteligência Artificial na Gestão: Como Empresas Podem Automatizar Processos, Ganhar Produtividade e Escalar com Mais Inteligência | Certificação ISO",23 Jun 2026 (16:45 UTC)
https://www.certificacaoiso.com.br/iso-45001-prevencao-de-acidentes-e-o-modelo-do-queijo-suico/,ISO 45001: Prevenção de Acidentes e o Modelo do Queijo Suíço | Certificação ISO,23 Jun 2026 (16:45 UTC)
https://www.certificacaoiso.com.br/iso-50001-vamos-utilizar-energia-de-forma-inteligente/,ISO 50001: vamos utilizar a energia de forma inteligente? | Certificação ISO,23 Jun 2026 (16:45 UTC)
https://www.certificacaoiso.com.br/iso-9001-2015-a-importancia-da-lideranca-na-revisao-2015/,ISO 9001:2015 - A importância da liderança na revisão 2015 | Certificação ISO,23 Jun 2026 (16:45 UTC)
https://www.certificacaoiso.com.br/iso-9001-8-1-planejamento-e-controle-operacionais/,ISO 9001 requisitos: 8.1 – Planejamento e Controle operacionais | Certificação ISO,23 Jun 2026 (16:45 UTC)
https://www.certificacaoiso.com.br/iso-9001-como-ferramenta-de-auto-conhecimento-da-empresa/,A ISO 9001 como ferramenta de auto conhecimento da empresa | Certificação ISO,23 Jun 2026 (16:45 UTC)
https://www.certificacaoiso.com.br/iso-9001-contexto-da-organizacao/,ISO 9001 requisitos: 4.1 - Entendendo o Contexto da Organização | Certificação ISO,23 Jun 2026 (16:45 UTC)
https://www.certificacaoiso.com.br/iso-9001-em-orgaos-publicos/,ISO 9001 em órgãos públicos: Câmara Municipal Sete Lagoas é a primeira a alcançar a Norma | Certificação ISO,23 Jun 2026 (16:45 UTC)
https://www.certificacaoiso.com.br/iso-9001-escopo-4-3/,ISO 9001 requisitos: 4.3 – Determinando o escopo do sistema de gestão da qualidade | Certificação ISO,23 Jun 2026 (16:45 UTC)
https://www.certificacaoiso.com.br/iso-9001-garantia-de-boa-imagem-para-sua-empresa-os-clientes/,ISO 9001: garantia de boa imagem para sua empresa com os clientes | Certificação ISO,23 Jun 2026 (16:45 UTC)
https://www.certificacaoiso.com.br/iso-9001-para-pequenas-empresas-parte-2/,Vantagens da certificação ISO 9001 para pequenas empresas: faturamento e lucro maiores | Certificação ISO,23 Jun 2026 (16:45 UTC)
https://www.certificacaoiso.com.br/iso-9001-para-planejar-as-acoes-de-sua-empresa/,Utilizando a ISO 9001 para planejar as ações estratégicas de sua empresa | Certificação ISO,23 Jun 2026 (16:45 UTC)
https://www.certificacaoiso.com.br/iso-9001-requisitos-4-4-processos/,ISO 9001 requisitos: 4.4 – Sistema de gestão da qualidade e seus processos | Certificação ISO,23 Jun 2026 (16:45 UTC)
https://www.certificacaoiso.com.br/iso-9001-requisitos-5-3-papeis-responsabilidades-e-autoridades-organizacionais/,"ISO 9001 requisitos: 5.3 - Papéis, responsabilidades e autoridades organizacionais | Certificação ISO",23 Jun 2026 (16:45 UTC)
https://www.certificacaoiso.com.br/iso-9001-requisitos-6-1-acoes-para-abordar-riscos-e-oportunidades/,ISO 9001 requisitos: 6.1 - Ações para abordar riscos e oportunidades | Certificação ISO,23 Jun 2026 (16:45 UTC)
https://www.certificacaoiso.com.br/iso-9001-requisitos-6-2-objetivos-da-qualidade-e-planejamento-para-alcanca-los/,ISO 9001 requisitos: 6.2 - Objetivos da qualidade e planejamento para alcançá-los | Certificação ISO,23 Jun 2026 (16:45 UTC)
https://www.certificacaoiso.com.br/iso-9001-requisitos-8-2-requisitos-para-produtos-e-servicos/,ISO 9001 requisitos: 8.2 – Requisitos para produtos e serviços | Certificação ISO,23 Jun 2026 (16:45 UTC)
https://www.certificacaoiso.com.br/iso-9001-saiba-como-o-diagnostico-empresarial-pode-ajudar-sua-empresa/,ISO 9001: saiba como o diagnóstico empresarial pode ajudar sua empresa | Certificação ISO,23 Jun 2026 (16:45 UTC)
https://www.certificacaoiso.com.br/iso-9001/,ISO 9001: Tudo o que você precisa saber sobre a certificação | Certificação ISO,23 Jun 2026 (16:45 UTC)
https://www.certificacaoiso.com.br/iso-90012015-requisito-4-1-contexto-da-organizacao/,ISO 9001:2015 Requisito 4.1 - Entendendo a organização e seu contexto | Certificação ISO,23 Jun 2026 (16:45 UTC)
https://www.certificacaoiso.com.br/iso-90012015-requisito-4-2/,ISO 9001:2015 Requisito 4.2 - Necessidades e expectativas de partes interessadas | Certificação ISO,23 Jun 2026 (16:45 UTC)
https://www.certificacaoiso.com.br/iso-online-9001-na-folha-de-sao-paulo/,ISO Online na Folha de São Paulo: ISO 9001 cresce entre pequenas empresas | Certificação ISO,23 Jun 2026 (16:45 UTC)
https://www.certificacaoiso.com.br/iso-online-realiza-curso-para-formacao-de-auditor-interno/,ISO Online realiza curso para formação de auditor interno | Certificação ISO,23 Jun 2026 (16:45 UTC)
https://www.certificacaoiso.com.br/laboratorio-fleming-celebra-a-iso-9001-e-as-novas-oportunidades-no-espaco-de-exames/,Laboratório Fleming celebra a ISO 9001 e as novas oportunidades no espaço de exames | Certificação ISO,23 Jun 2026 (16:45 UTC)
https://www.certificacaoiso.com.br/mais-um-caso-de-sucesso-dj-iso-9001/,Como empresas de usinagem podem alavancar negócios com a ISO 9001 | Certificação ISO,23 Jun 2026 (16:45 UTC)
https://www.certificacaoiso.com.br/mapeamento-de-processos-bpmn/,Transforme Sua Empresa: Mapeamento de Processos BPMN Descomplicado | Certificação ISO,23 Jun 2026 (16:45 UTC)
https://www.certificacaoiso.com.br/mapeamento-de-processos-com-inteligencia-artificial/,Mapeamento de Processos da Templum Consultoria agora com Inteligência Artificial | Certificação ISO,23 Jun 2026 (16:45 UTC)
https://www.certificacaoiso.com.br/mapeamento-de-processos-lean/,O Poder do Lean: Mapeamento de Processos que Impulsiona Resultados | Certificação ISO,23 Jun 2026 (16:45 UTC)
https://www.certificacaoiso.com.br/matriz-swot-contabilidade-como-e-por-que-fazer/,Contabilidade: como e por que fazer análise da matriz SWOT | Certificação ISO,23 Jun 2026 (16:45 UTC)
https://www.certificacaoiso.com.br/medo-dos-funcionarios-como-vencer-a-procrastinacao-e-conduzir-a-evolucao-da-sua-empresa-com-confianca/,Medo dos Funcionários? Como Vencer a Procrastinação e Conduzir a Evolução da Sua Empresa com Confiança | Certificação ISO,23 Jun 2026 (16:45 UTC)
https://www.certificacaoiso.com.br/metodologia-de-analise-solucao-de-problemas-masp/,Metodologia MASP - Metodologia de Análise e Solução de Problemas | Certificação ISO,23 Jun 2026 (16:45 UTC)
https://www.certificacaoiso.com.br/mudancas-na-iso-90012015-sao-confirmadas-por-nigel-croft/,Mudanças na ISO 9001:2015 são confirmadas por Nigel Croft | Certificação ISO,23 Jun 2026 (16:45 UTC)
https://www.certificacaoiso.com.br/normas-iso-e-licitaco/,Normas ISO e Licitações: O que você precisa saber pra não ficar de fora de grandes projetos | Certificação ISO,23 Jun 2026 (16:45 UTC)
https://www.certificacaoiso.com.br/o-que-a-morte-de-kobe-bryant-pode-ensinar-para-o-nosso-sistema-de-gestao/,O que a morte de Kobe Bryant pode ensinar para o nosso sistema de gestão? | Certificação ISO,23 Jun 2026 (16:45 UTC)
https://www.certificacaoiso.com.br/o-que-e-contabilidade-gerencial/,O que é contabilidade gerencial e como utilizá-la como ferramenta estratégica da empresa | Certificação ISO,23 Jun 2026 (16:45 UTC)
https://www.certificacaoiso.com.br/o-que-e-fluxograma-de-processos/,Fluxograma de Processo: o que é e como fazer passo a passo | Certificação ISO,23 Jun 2026 (16:45 UTC)
https://www.certificacaoiso.com.br/o-que-e-gestao-de-risco-e-como-implementar-na-sua-empresa/,O que é Gestão de Risco e Como Implementar na Sua Empresa? | Certificação ISO,23 Jun 2026 (16:45 UTC)
https://www.certificacaoiso.com.br/o-que-sao-stakeholders-e-como-eles-impactam-o-planejamento-estrategico-do-negocio/,O que são stakeholders e como eles impactam o planejamento estratégico do negócio | Certificação ISO,23 Jun 2026 (16:45 UTC)
https://www.certificacaoiso.com.br/o-que-todo-pequeno-empresario-deve-saber-melhorar-seus-negocios/,O que todo pequeno empresário deve saber para melhorar seus negócios | Certificação ISO,23 Jun 2026 (16:45 UTC)
https://www.certificacaoiso.com.br/o-que-uma-pequena-empresa-precisa-para-conseguir-a-certificacao-iso-9001/,O que uma pequena empresa precisa para a certificação ISO 9001? | Certificação ISO,23 Jun 2026 (16:45 UTC)
https://www.certificacaoiso.com.br/onde-podemos-verificar-existe-necessidade-de-providenciar-treinamentos-para-os-colaboradores/,Como verificar a necessidade de treinamentos para os colaboradores? | Certificação ISO,23 Jun 2026 (16:45 UTC)
https://www.certificacaoiso.com.br/operacao-contabil-5-ferramentas-para-otimizacao/,Operação contábil: 5 ferramentas indispensáveis para otimização | Certificação ISO,23 Jun 2026 (16:45 UTC)
https://www.certificacaoiso.com.br/orsitec-escritorio-de-contabilidade-aponta-20-de-melhoria-na-gestao-no-primeiro-ano-apos-certificacao-na-iso-90012008/,Orsitec: escritório de contabilidade aponta 20% de melhoria na gestão | Certificação ISO,23 Jun 2026 (16:45 UTC)
https://www.certificacaoiso.com.br/os-3-pilares-da-gestao-da-qualidade-simplificado-a-gestao/,Os 3 Pilares da Gestão da Qualidade - Simplificado a Gestão | Certificação ISO,23 Jun 2026 (16:45 UTC)
https://www.certificacaoiso.com.br/os-desafios-da-comunicacao-interna/,Comunicação Interna: conheça os desafios e como superá-los | Certificação ISO,23 Jun 2026 (16:45 UTC)
https://www.certificacaoiso.com.br/os-desafios-durante-a-implementacao-da-iso-9001-o-envolvimento-das-pessoas/,Os desafios da implementação da ISO 9001: o envolvimento das pessoas | Certificação ISO,23 Jun 2026 (16:45 UTC)
https://www.certificacaoiso.com.br/os-erros-que-90-das-empresas-cometem-na-contratacao-consultoria/,Os principais erros de 90% das empresas na contratação consultoria | Certificação ISO,23 Jun 2026 (16:45 UTC)
https://www.certificacaoiso.com.br/ozempic-mentira-gestao-de-processos/,"Ozempic, Mounjaro e a Mentira de R$ 250 Bilhões. O que isso tem a ver com Gestão de Processos? | Certificação ISO",23 Jun 2026 (16:45 UTC)
https://www.certificacaoiso.com.br/pacote-fechado-x-novo-modelo-templum-qual-a-opcao-mais-segura-para-conquistar-sua-iso-27001-sem-surpresas/,Pacote fechado x Novo modelo Templum: qual a opção mais segura para conquistar sua ISO 27001 sem surpresas? | Certificação ISO,23 Jun 2026 (16:45 UTC)
https://www.certificacaoiso.com.br/papel-representante-da-direcao-rd-na-implementacao-da-iso-9001-nas-organizacoes/,Representante da direção (RD): Qual o seu papel na implementação da ISO 9001? | Certificação ISO,23 Jun 2026 (16:45 UTC)
https://www.certificacaoiso.com.br/perguntas-chaves-para-auxiliar-em-sua-rastreabilidade/,Perguntas chaves para auxiliar na rastreabilidade do seu sistema de gestão | Certificação ISO,23 Jun 2026 (16:45 UTC)
https://www.certificacaoiso.com.br/pesquisa-aponta-consumidor-brasileiro-e-preocupado-meio-ambiente/,Pesquisa aponta que consumidor brasileiro é preocupado com meio ambiente | Certificação ISO,23 Jun 2026 (16:45 UTC)
https://www.certificacaoiso.com.br/pgr-e-gro-que-voce-precisa-saber-parte-01-2/,Impactos do PGR - Um marco para a área de Saúde e Segurança | Certificação ISO,23 Jun 2026 (16:45 UTC)
https://www.certificacaoiso.com.br/planejamento-estrategico-empresas-contabeis/,Planejamento estratégico: por que empresas contábeis devem criar um? | Certificação ISO,23 Jun 2026 (16:45 UTC)
https://www.certificacaoiso.com.br/planejamento-estrategico-no-seu-escritorio-contabil/,Você faz planejamento estratégico no seu escritório contábil? | Certificação ISO,23 Jun 2026 (16:45 UTC)
https://www.certificacaoiso.com.br/plano-de-cargos-salarios-e-uma-exigencia-da-iso-9001/,O plano de cargos e salários é uma exigência da ISO 9001? | Certificação ISO,23 Jun 2026 (16:45 UTC)
https://www.certificacaoiso.com.br/pmoc-plano-de-manutencao-operacao-e-controle-para-ar-condicionado/,"PMOC – Plano de Manutenção, Operação e Controle - para Ar Condicionado | Certificação ISO",23 Jun 2026 (16:45 UTC)
https://www.certificacaoiso.com.br/ponto-certo-pneus-inicia-processo-de-implementacao-da-iso-9001/,Ponto Certo Pneus inicia processo de implementação da ISO 9001 | Certificação ISO,23 Jun 2026 (16:45 UTC)
https://www.certificacaoiso.com.br/por-quantos-auditores-deve-ser-formada-equipe-de-auditoria-interna-para-sistema-de-gestao-da-qualidade-iso-9001/,Por quantos auditores deve ser formada a equipe de auditoria? | Certificação ISO,23 Jun 2026 (16:45 UTC)
https://www.certificacaoiso.com.br/principais-vantagens-da-certificacao-iso-9001-para-pequenas-empresas-parte-1-2-2/,Vantagens da certificação ISO 9001 para pequenas empresas | Certificação ISO,23 Jun 2026 (16:45 UTC)
https://www.certificacaoiso.com.br/principais-vantagens-da-certificacao-iso-9001-para-pequenas-empresas-parte-1-2/,Vantagens da certificação ISO 9001 para pequenas empresas | Certificação ISO,23 Jun 2026 (16:45 UTC)
https://www.certificacaoiso.com.br/principais-vantagens-da-certificacao-iso-9001-para-pequenas-empresas-parte-1/,Vantagens da certificação ISO 9001 para pequenas empresas | Certificação ISO,23 Jun 2026 (16:45 UTC)
https://www.certificacaoiso.com.br/problemas-de-comunicacao-como-eles-podem-afetar-seu-escritorio-contabil/,Problemas de Comunicação Interna: como eles afetam seu escritório contábil? | Certificação ISO,23 Jun 2026 (16:45 UTC)
https://www.certificacaoiso.com.br/procedimentos-obrigatorios-2/,ISO 9001: quais são os Procedimentos Obrigatórios exigidos? | Certificação ISO,23 Jun 2026 (16:45 UTC)
https://www.certificacaoiso.com.br/programa-de-qualidade-contabil-para-a-rede-nacional-de-contabilidade/,Programa de Qualidade Contábil para a Rede Nacional de Contabilidade | Certificação ISO,23 Jun 2026 (16:45 UTC)
https://www.certificacaoiso.com.br/programa-de-qualidade-de-empresas-contabeis-pqec-e-baseado-na-iso-9001/,Programa de Qualidade de Empresas Contábeis (PQEC) é baseado na ISO 9001 | Certificação ISO,23 Jun 2026 (16:45 UTC)
https://www.certificacaoiso.com.br/quais-os-maiores-riscos-de-nao-ter-a-iso-45001-implementada-2/,Quais os maiores riscos de não ter a ISO 45001 implementada? | Certificação ISO,23 Jun 2026 (16:45 UTC)
https://www.certificacaoiso.com.br/quais-os-maiores-riscos-de-nao-ter-a-iso-45001-implementada/,Quais os maiores riscos de não ter a ISO 45001 implementada? | Certificação ISO,23 Jun 2026 (16:45 UTC)
https://www.certificacaoiso.com.br/quais-sao-as-mudancas-mais-significativas-na-revisao-2015-da-iso-9001/,ISO 9001: quais são as mudanças mais significativas na revisão 2015? | Certificação ISO,23 Jun 2026 (16:45 UTC)
https://www.certificacaoiso.com.br/quais-sao-disposicoes-mais-comuns-para-um-produto-nao-conforme/,Quais são as disposições mais comuns para um produto não conforme | Certificação ISO,23 Jun 2026 (16:45 UTC)
https://www.certificacaoiso.com.br/quais-sao-mudancas-mais-significativas-na-revisao-2015-da-iso-9001/,Quais são as mudanças significativas na revisão 2015 da ISO 9001? | Certificação ISO,23 Jun 2026 (16:45 UTC)
https://www.certificacaoiso.com.br/quer-administrar-com-sabedoria-planejamento-estrategico-e-a-solucao/,Quer administrar com sabedoria? Planejamento estratégico é a solução | Certificação ISO,23 Jun 2026 (16:45 UTC)
https://www.certificacaoiso.com.br/relacao-entre-politica-da-qualidade-envolvimento-das-pessoas/,A relação entre a Política da Qualidade e o Envolvimento das Pessoas | Certificação ISO,23 Jun 2026 (16:45 UTC)
https://www.certificacaoiso.com.br/requisito-4-3-determinando-o-escopo-do-sistema-de-gestao/,Requisito 4.3 - Determinando o escopo do sistema de gestão da qualidade | Certificação ISO,23 Jun 2026 (16:45 UTC)
https://www.certificacaoiso.com.br/requisito-7-4-comunicacao/,Entenda mais sobre ISO 9001 requisitos: 7.4 - Comunicação | Certificação ISO,23 Jun 2026 (16:45 UTC)
https://www.certificacaoiso.com.br/requisitos-4-2-partes-interessadas/,ISO 9001 requisitos: 4.2 – Entendendo as necessidades e expectativas de partes interessadas. | Certificação ISO,23 Jun 2026 (16:45 UTC)
https://www.certificacaoiso.com.br/resgistros-competencia-treinamento-conscientizacao/,"Dicas práticas: Registros de Treinamento, Competência e Conscientização | Certificação ISO",23 Jun 2026 (16:45 UTC)
https://www.certificacaoiso.com.br/riscos-operacao-escritorio-contabil/,Quais são os riscos na operação que seu escritório contábil está sujeito e de quem é a responsabilidade? | Certificação ISO,23 Jun 2026 (16:45 UTC)
https://www.certificacaoiso.com.br/saiba-como-a-iso-9001-pode-ajudar-sua-empresa-a-conquistar-clientes/,Saiba como a ISO 9001 pode ajudar sua empresa a conquistar clientes | Certificação ISO,23 Jun 2026 (16:45 UTC)
https://www.certificacaoiso.com.br/satisfacao-dos-colaboradores-um-item-essencial-nas-organizacoes/,Satisfação dos colaboradores: um item essencial nas organizações | Certificação ISO,23 Jun 2026 (16:45 UTC)
https://www.certificacaoiso.com.br/saude-dos-trabalhadores-voce-sabia-que-a-pandemia-do-coronavirus-esta-diretamente-ligada-a-sua-certificacao-iso-45001/,A relação da pandemia do coronavírus com a certificação ISO 45001 | Certificação ISO,23 Jun 2026 (16:45 UTC)
https://www.certificacaoiso.com.br/segmentar-carteira-clientes-escritorio-contabil/,Quais são as vantagens de segmentar a carteira de clientes do meu escritório contábil? | Certificação ISO,23 Jun 2026 (16:45 UTC)
https://www.certificacaoiso.com.br/seguranca-e-saude-ocupacional-e-meio-ambiente-o-papel-das-legislacoes-na-certificacao-sassmaq/,Segurança e Saúde Ocupacional e Meio Ambiente - O Papel das Legislações na Certificação SASSMAQ | Certificação ISO,23 Jun 2026 (16:45 UTC)
https://www.certificacaoiso.com.br/seguranca-trabalho-produtividade/,Segurança do trabalho e produtividade: qual é a relação entre ambos? | Certificação ISO,23 Jun 2026 (16:45 UTC)
https://www.certificacaoiso.com.br/serie-empreendedor-de-sucesso-caracteristica-numero-1-do-campeao/,Série empreendedor de sucesso: A característica número 1 do campeão! | Certificação ISO,23 Jun 2026 (16:45 UTC)
https://www.certificacaoiso.com.br/siderbras-obteve-a-certificacao-iso9001-em-prazo-recorde/,"Siderbrás, de Divinópolis, obteve a certificação ISO 9001 em prazo recorde | Certificação ISO",23 Jun 2026 (16:45 UTC)
https://www.certificacaoiso.com.br/sites-destacam-crescimento-iso9001-entre-micro-pequenas-empresa/,Sites destacam crescimento da ISO 9001 entre micro e pequenas empresas | Certificação ISO,23 Jun 2026 (16:45 UTC)
https://www.certificacaoiso.com.br/sua-empresa-foi-certificada-vamos-manter-a-qualidade/,"Fui certificado. E agora, o que fazer após 3, 6, 9 e 12 meses? | Certificação ISO",23 Jun 2026 (16:45 UTC)
https://www.certificacaoiso.com.br/tendencias-para-o-sistema-de-gestao-da-qualidade-iso-9001/,Tendências para o sistema de gestão da qualidade-ISO 9001:2015 | Certificação ISO,23 Jun 2026 (16:45 UTC)
https://www.certificacaoiso.com.br/tirar-o-seu-planejamento-do-papel-e-torna-lo-realidade/,Saiba como tirar o seu planejamento do papel e torná-lo realidade | Certificação ISO,23 Jun 2026 (16:45 UTC)
https://www.certificacaoiso.com.br/transforme-seu-planejamento-de-mudancas-em-realidade-atraves-da-gestao-de-risco-e-a-acao-preventiva/,Transforme seu planejamento de mudanças em realidade através da gestão de risco | Certificação ISO,23 Jun 2026 (16:45 UTC)
https://www.certificacaoiso.com.br/transforme-sua-empresa-com-o-toque-de-midas-a-revolucao-da-certificacao-iso/,"Transforme sua Empresa com o ""Toque de Midas"": A Revolução da Certificação ISO | Certificação ISO",23 Jun 2026 (16:45 UTC)
https://www.certificacaoiso.com.br/uma-analise-sobre-nova-medida-conar-sobre-greenwashing/,"Uma breve análise sobre a nova medida do CONAR sobre ""Greenwashing"" | Certificação ISO",23 Jun 2026 (16:45 UTC)
https://www.certificacaoiso.com.br/use-o-google-para-fazer-sua-pesquisa-de-satisfacao/,Use o Google para fazer sua pesquisa de satisfação com clientes | Certificação ISO,23 Jun 2026 (16:45 UTC)
https://www.certificacaoiso.com.br/vale-a-pena-investir-em-uma-certificacao-iso-descubra-o-custo-o-prazo-e-o-verdadeiro-retorno-para-sua-empresa/,"Vale a pena investir em uma certificação ISO? Descubra o custo, o prazo e o verdadeiro retorno para sua empresa | Certificação ISO",23 Jun 2026 (16:45 UTC)
https://www.certificacaoiso.com.br/voce-possui-um-escritorio-de-advocacia-ou-uma-empresa-especializada-em-servicos-advocaticios/,Escritório de advocacia ou empresa especializada em serviços advocatícios? | Certificação ISO,23 Jun 2026 (16:45 UTC)
