Page URL,Link URL,Discovered
https://certificacaoiso.com.br/a-essencia-da-gestao-da-qualidade/,https://www.youtube.com/watch?v=f36DbHBkn9U,23 Jun 2026 (16:45 UTC)
https://certificacaoiso.com.br/auditoria-iso-9001/,http://www.inmetro.gov.br,23 Jun 2026 (16:45 UTC)
https://certificacaoiso.com.br/categoria-diamante-do-pqta-premia-55-cartorios-no-pais/,http://migre.me/vC9ar,23 Jun 2026 (16:45 UTC)
https://certificacaoiso.com.br/como-fica-a-sua-certificacao-no-cenario-da-pandemia/,https://iaffaq.com/,23 Jun 2026 (16:45 UTC)
https://certificacaoiso.com.br/epi-nao-conformidade-parte-2/,https://www4.inmetro.gov.br/acesso-a-informacao/institucional,23 Jun 2026 (16:45 UTC)
https://certificacaoiso.com.br/gestao-de-mudancas-parte-2/,/gestao-de-mudancas-parte-3/,23 Jun 2026 (16:45 UTC)
https://certificacaoiso.com.br/inseguranca-alimentar-o-caso-habib-s/,http://g1.globo.com/sp/campinas-regiao/noticia/2014/09/restaurante-fast-food-e-interditado-pela-vigilancia-sanitaria-em-campinas.html,23 Jun 2026 (16:45 UTC)
https://certificacaoiso.com.br/iso-22000-2018-o-que-ha-de-novo-parte-1/,https://gumroad.com/nunofsoares,23 Jun 2026 (16:45 UTC)
https://certificacaoiso.com.br/iso-22000-2018-o-que-ha-de-novo-parte-4/,https://gumroad.com/nunofsoares,23 Jun 2026 (16:45 UTC)
https://certificacaoiso.com.br/iso-22000-2018-parte-2/,https://gumroad.com/nunofsoares,23 Jun 2026 (16:45 UTC)
https://certificacaoiso.com.br/iso-220002018-o-que-ha-de-novo-parte-3/,https://gumroad.com/nunofsoares,23 Jun 2026 (16:45 UTC)
https://certificacaoiso.com.br/iso-9001-como-ferramenta-de-auto-conhecimento-da-empresa/,http://noticias.r7.com/record-news/2011/12/07/entrevista-record-32/,23 Jun 2026 (16:45 UTC)
https://certificacaoiso.com.br/iso-online-9001-na-folha-de-sao-paulo/,/wp-content/uploads/2011/03/Jornal.webp,23 Jun 2026 (16:45 UTC)
https://certificacaoiso.com.br/nao-faca-sua-proxima-auditoria-antes-de-ler-este-artigo/,https://calendly.com/christian-hart/templum-validation,23 Jun 2026 (16:45 UTC)
https://certificacaoiso.com.br/nova-versao-da-fssc/,https://www.fssc22000.com/scheme/scheme-documents/,23 Jun 2026 (16:45 UTC)
https://certificacaoiso.com.br/novos-conceitos-para-nova-versao-da-iso-9001/,https://asq.org/quality-progress/2011/03/standards-outlook/revisionist-history.html,23 Jun 2026 (16:45 UTC)
https://certificacaoiso.com.br/onde-reclamar-de-empresas-iso-9001/,http://www.iaf.nu,23 Jun 2026 (16:45 UTC)
https://certificacaoiso.com.br/perguntas-frequentes/,http://www.abntcatalogo.com.br/,23 Jun 2026 (16:45 UTC)
https://certificacaoiso.com.br/perguntas-frequentes/,http://www.inmetro.gov.br/organismos/,23 Jun 2026 (16:45 UTC)
https://certificacaoiso.com.br/principais-vantagens-da-certificacao-iso-9001-para-pequenas-empresas-parte-1/,https://templum.com.br/wp-content/uploads/2017/01/eb-cert-iso-p-empres.webp,23 Jun 2026 (16:45 UTC)
https://certificacaoiso.com.br/seguranca-de-alimentos-auditorias-nao-anunciadas/,http://www.fssc22000.com/documents/pdf/certification-scheme/part-4-requirements-for-cbs-january-2017.pdf,23 Jun 2026 (16:45 UTC)
https://certificacaoiso.com.br/seguranca-de-alimentos-auditorias-nao-anunciadas/,https://www.brcgs.com/brcgs/food-safety/help-and-guidance/,23 Jun 2026 (16:45 UTC)
https://certificacaoiso.com.br/seguranca-de-alimentos/,https://templum.com.br,23 Jun 2026 (16:45 UTC)
https://certificacaoiso.com.br/uma-analise-sobre-nova-medida-conar-sobre-greenwashing/,http://www.dnv.com.br/services/certification/management_systems/newsletter/ano2_ed7/greenwashing.asp,23 Jun 2026 (16:45 UTC)
https://www.certificacaoiso.com.br/a-essencia-da-gestao-da-qualidade/,https://www.youtube.com/watch?v=f36DbHBkn9U,23 Jun 2026 (16:45 UTC)
https://www.certificacaoiso.com.br/a-importancia-da-norma-iatf-16949/,http://www.iatfglobaloversight.org/about-iatf/,23 Jun 2026 (16:45 UTC)
https://www.certificacaoiso.com.br/a-nova-iso-37001/,http://blogs.oglobo.globo.com/na-base-dos-dados/post/brasil-piora-no-quesito-corrupcao-do-indice-mundial-de-justica-567637.html,23 Jun 2026 (16:45 UTC)
https://www.certificacaoiso.com.br/auditoria-iso-9001/,http://www.inmetro.gov.br,23 Jun 2026 (16:45 UTC)
https://www.certificacaoiso.com.br/categoria-diamante-do-pqta-premia-55-cartorios-no-pais/,http://migre.me/vC9ar,23 Jun 2026 (16:45 UTC)
https://www.certificacaoiso.com.br/como-fica-a-sua-certificacao-no-cenario-da-pandemia/,https://iaffaq.com/,23 Jun 2026 (16:45 UTC)
https://www.certificacaoiso.com.br/como-preparar-o-seu-negocio-para-o-novo-coronavirus/,https://www.mckinsey.com/,23 Jun 2026 (16:45 UTC)
https://www.certificacaoiso.com.br/comunicado-importante-para-empresas-ja-certificadas/,https://iaf.nu/en/iaf-documents/?cat_id=1,23 Jun 2026 (16:45 UTC)
https://www.certificacaoiso.com.br/dia-mundial-da-qualidade/,http://asq.org/world-quality-month/index.aspx,23 Jun 2026 (16:45 UTC)
https://www.certificacaoiso.com.br/epi-nao-conformidade-parte-2/,https://www4.inmetro.gov.br/acesso-a-informacao/institucional,23 Jun 2026 (16:45 UTC)
https://www.certificacaoiso.com.br/iso-9001-como-ferramenta-de-auto-conhecimento-da-empresa/,http://noticias.r7.com/record-news/2011/12/07/entrevista-record-32/,23 Jun 2026 (16:45 UTC)
https://www.certificacaoiso.com.br/iso-online-9001-na-folha-de-sao-paulo/,/wp-content/uploads/2011/03/Jornal.webp,23 Jun 2026 (16:45 UTC)
https://www.certificacaoiso.com.br/nao-faca-sua-proxima-auditoria-antes-de-ler-este-artigo/,https://calendly.com/christian-hart/templum-validation,23 Jun 2026 (16:45 UTC)
https://www.certificacaoiso.com.br/novos-conceitos-para-nova-versao-da-iso-9001/,https://asq.org/quality-progress/2011/03/standards-outlook/revisionist-history.html,23 Jun 2026 (16:45 UTC)
https://www.certificacaoiso.com.br/onde-reclamar-de-empresas-iso-9001/,http://www.iaf.nu,23 Jun 2026 (16:45 UTC)
https://www.certificacaoiso.com.br/perguntas-frequentes/,http://www.abntcatalogo.com.br/,23 Jun 2026 (16:45 UTC)
https://www.certificacaoiso.com.br/perguntas-frequentes/,http://www.inmetro.gov.br/organismos/,23 Jun 2026 (16:45 UTC)
https://www.certificacaoiso.com.br/principais-vantagens-da-certificacao-iso-9001-para-pequenas-empresas-parte-1/,https://templum.com.br/wp-content/uploads/2017/01/eb-cert-iso-p-empres.webp,23 Jun 2026 (16:45 UTC)
https://www.certificacaoiso.com.br/qualidade-e-seguranca-de-mao-dadas/,http://trabalho.gov.br/dados-abertos/estatistica-saude-e-seguranca-do-trabalho/seguranca-trabalho-2016,23 Jun 2026 (16:45 UTC)
https://www.certificacaoiso.com.br/tratar-uma-nc-nao-e-corrigir-um-problema/,https://www.blogdaqualidade.com.br/tratar-uma-nc-nao-e-corrigir-um-problema/,23 Jun 2026 (16:45 UTC)
https://www.certificacaoiso.com.br/uma-analise-sobre-nova-medida-conar-sobre-greenwashing/,http://www.dnv.com.br/services/certification/management_systems/newsletter/ano2_ed7/greenwashing.asp,23 Jun 2026 (16:45 UTC)
