Page URL,Errors,Discovered
https://certificacaoiso.com.br/4-dicas-matadoras-para-envolver-colaboradores-na-implementacao-de-sistema-de-gestao/,Poor heading hierarchy,23 Jun 2026 (16:45 UTC)
https://certificacaoiso.com.br/6-formas-para-fazer-seu-certificado-iso-22000-gerar-lucro/,Paragraphs are too long,23 Jun 2026 (16:45 UTC)
https://certificacaoiso.com.br/beneficios-da-iso-9001/,Poor heading hierarchy,23 Jun 2026 (16:45 UTC)
https://certificacaoiso.com.br/certificacao-iso-9001-com-inteligencia-artificial-o-que-voce-precisa-saber/,Poor heading hierarchy,23 Jun 2026 (16:45 UTC)
https://certificacaoiso.com.br/certificacao-iso-9001-guia-completo-indicadores-de-processo/,Poor heading hierarchy,23 Jun 2026 (16:45 UTC)
https://certificacaoiso.com.br/certificacao-iso-as-principais-normas/,Poor heading hierarchy,23 Jun 2026 (16:45 UTC)
https://certificacaoiso.com.br/como-a-iso-9001-pode-ajudar-na-gestao-de-estoque/,Poor heading hierarchy,23 Jun 2026 (16:45 UTC)
https://certificacaoiso.com.br/como-pmes-podem-se-beneficiar-melhorando-a-comunicacao-interna/,Poor heading hierarchy,23 Jun 2026 (16:45 UTC)
https://certificacaoiso.com.br/comunicacao-interna/,Paragraphs are too long,23 Jun 2026 (16:45 UTC)
https://certificacaoiso.com.br/contabilidade-consultiva-o-metodo-dos-4-passos/,Poor heading hierarchy,23 Jun 2026 (16:45 UTC)
https://certificacaoiso.com.br/controle-de-fornecedores-como-atender-ao-requisito-8-4-da-iso-9001-com-seguranca-clareza-e-eficiencia/,Poor heading hierarchy,23 Jun 2026 (16:45 UTC)
https://certificacaoiso.com.br/controle-de-fornecedores-na-iso-9001/,Poor heading hierarchy,23 Jun 2026 (16:45 UTC)
https://certificacaoiso.com.br/cultura-de-seguranca-de-alimentos-como-implementar-de-forma-pratica-continua-e-auditavel-nas-empresas/,Poor heading hierarchy,23 Jun 2026 (16:45 UTC)
https://certificacaoiso.com.br/dois-exemplos-da-presenca-da-iso-9001-em-orgaos-publicos/,Paragraphs are too long,23 Jun 2026 (16:45 UTC)
https://certificacaoiso.com.br/fssc-22000-versao-6-guia-de-mudancas-para-certificacao-e-auditorias/,Poor heading hierarchy,23 Jun 2026 (16:45 UTC)
https://certificacaoiso.com.br/gestao-com-clareza/,Poor heading hierarchy,23 Jun 2026 (16:45 UTC)
https://certificacaoiso.com.br/gestao-de-melhoria-3-dicas-para-melhorar-sua-empresa-1-todo-dia/,Poor heading hierarchy,23 Jun 2026 (16:45 UTC)
https://certificacaoiso.com.br/gestao-de-mudancas-parte-2/,Poor heading hierarchy,23 Jun 2026 (16:45 UTC)
https://certificacaoiso.com.br/gestao-de-mudancas-parte-2/,Paragraphs are too long,23 Jun 2026 (16:45 UTC)
https://certificacaoiso.com.br/gestao-de-processos-empresariais-como-organizar-sua-empresa-para-crescer-com-clareza-controle-e-previsibilidade/,Poor heading hierarchy,23 Jun 2026 (16:45 UTC)
https://certificacaoiso.com.br/igor-furniel-comportamentos-geram-resultados/,Poor heading hierarchy,23 Jun 2026 (16:45 UTC)
https://certificacaoiso.com.br/igor-furniel-comportamentos-geram-resultados/,Paragraphs are too long,23 Jun 2026 (16:45 UTC)
https://certificacaoiso.com.br/iso-22000-2018-o-que-ha-de-novo-parte-1/,Paragraphs are too long,23 Jun 2026 (16:45 UTC)
https://certificacaoiso.com.br/iso-22000-2018-parte-2/,Paragraphs are too long,23 Jun 2026 (16:45 UTC)
https://certificacaoiso.com.br/iso-9001-gestao-de-pessoas/,Poor heading hierarchy,23 Jun 2026 (16:45 UTC)
https://certificacaoiso.com.br/iso-9001-requisitos-7-1-recursos/,Poor heading hierarchy,23 Jun 2026 (16:45 UTC)
https://certificacaoiso.com.br/iso-9001-requisitos-7-3-conscientizacao/,Poor heading hierarchy,23 Jun 2026 (16:45 UTC)
https://certificacaoiso.com.br/motivacao-com-foco-em-resultados/,Poor heading hierarchy,23 Jun 2026 (16:45 UTC)
https://certificacaoiso.com.br/motivacao-com-foco-em-resultados/,Paragraphs are too long,23 Jun 2026 (16:45 UTC)
https://certificacaoiso.com.br/o-que-ainda-nao-te-contaram-da-versao-5-da-fssc/,Poor heading hierarchy,23 Jun 2026 (16:45 UTC)
https://certificacaoiso.com.br/o-que-e-global-markets-programme/,Paragraphs are too long,23 Jun 2026 (16:45 UTC)
https://certificacaoiso.com.br/quais-foram-as-mudancas-estruturais-da-iso-9001-2015/,Poor heading hierarchy,23 Jun 2026 (16:45 UTC)
https://www.certificacaoiso.com.br/4-dicas-matadoras-para-envolver-colaboradores-na-implementacao-de-sistema-de-gestao/,Poor heading hierarchy,23 Jun 2026 (16:45 UTC)
https://www.certificacaoiso.com.br/5-dicas-de-financas-para-negocios-b2b/,Poor heading hierarchy,23 Jun 2026 (16:45 UTC)
https://www.certificacaoiso.com.br/5-forcas-de-porter-serie-planejamento-estrategico/,Paragraphs are too long,23 Jun 2026 (16:45 UTC)
https://www.certificacaoiso.com.br/a-importancia-dos-beneficios-na-atracao-e-retencao-de-talentos/,Paragraphs are too long,23 Jun 2026 (16:45 UTC)
https://www.certificacaoiso.com.br/atendimento-ao-cliente-de-quem-e-responsabilidade/,Poor heading hierarchy,23 Jun 2026 (16:45 UTC)
https://www.certificacaoiso.com.br/balanced-scorecard-transformando-estrategias-em-processos/,Poor heading hierarchy,23 Jun 2026 (16:45 UTC)
https://www.certificacaoiso.com.br/balanced-scorecard-transformando-estrategias-em-processos/,Paragraphs are too long,23 Jun 2026 (16:45 UTC)
https://www.certificacaoiso.com.br/beneficios-da-iso-9001/,Poor heading hierarchy,23 Jun 2026 (16:45 UTC)
https://www.certificacaoiso.com.br/bicicletas-e-implementacao-da-iso/,Poor heading hierarchy,23 Jun 2026 (16:45 UTC)
https://www.certificacaoiso.com.br/boas-praticas-podem-aperfeicoar-o-poder-judiciario/,Poor heading hierarchy,23 Jun 2026 (16:45 UTC)
https://www.certificacaoiso.com.br/caso-de-sucesso-implementacao-iso-9001-na-empresa-dataflex/,Poor heading hierarchy,23 Jun 2026 (16:45 UTC)
https://www.certificacaoiso.com.br/certificacao-iso-9001-com-inteligencia-artificial-o-que-voce-precisa-saber/,Poor heading hierarchy,23 Jun 2026 (16:45 UTC)
https://www.certificacaoiso.com.br/certificacao-iso-9001-guia-completo-indicadores-de-processo/,Poor heading hierarchy,23 Jun 2026 (16:45 UTC)
https://www.certificacaoiso.com.br/certificacao-iso-as-principais-normas/,Poor heading hierarchy,23 Jun 2026 (16:45 UTC)
https://www.certificacaoiso.com.br/como-a-iso-9001-em-tempos-de-crise/,Poor heading hierarchy,23 Jun 2026 (16:45 UTC)
https://www.certificacaoiso.com.br/como-a-iso-9001-pode-ajudar-na-gestao-de-estoque/,Poor heading hierarchy,23 Jun 2026 (16:45 UTC)
https://www.certificacaoiso.com.br/como-as-pmes-podem-usar-a-comunicacao-para-diminuir-impactos-das-mudancas/,Poor heading hierarchy,23 Jun 2026 (16:45 UTC)
https://www.certificacaoiso.com.br/como-criar-processos-solidos-para-recrutar-capacitar-e-motivar-sua-equipe/,Poor heading hierarchy,23 Jun 2026 (16:45 UTC)
https://www.certificacaoiso.com.br/como-engajar-os-colaboradores-na-implementacao-de-sistemas-de-gestao/,Poor heading hierarchy,23 Jun 2026 (16:45 UTC)
https://www.certificacaoiso.com.br/como-funciona-certificacao-iso-9001/,Paragraphs are too long,23 Jun 2026 (16:45 UTC)
https://www.certificacaoiso.com.br/como-garantir-a-satisfacao-do-seu-cliente/,Poor heading hierarchy,23 Jun 2026 (16:45 UTC)
https://www.certificacaoiso.com.br/como-garantir-o-sucesso-de-um-evento-corporativo/,Poor heading hierarchy,23 Jun 2026 (16:45 UTC)
https://www.certificacaoiso.com.br/como-garantir-o-sucesso-de-um-evento-corporativo/,Paragraphs are too long,23 Jun 2026 (16:45 UTC)
https://www.certificacaoiso.com.br/como-mapear-processos-e-atender-os-requisitos-da-iso-90012015-utilizando-tartaruga-turbinada-da-templum/,Poor heading hierarchy,23 Jun 2026 (16:45 UTC)
https://www.certificacaoiso.com.br/como-pmes-podem-se-beneficiar-melhorando-a-comunicacao-interna/,Poor heading hierarchy,23 Jun 2026 (16:45 UTC)
https://www.certificacaoiso.com.br/como-vender-mais/,Poor heading hierarchy,23 Jun 2026 (16:45 UTC)
https://www.certificacaoiso.com.br/comunicacao-interna/,Paragraphs are too long,23 Jun 2026 (16:45 UTC)
https://www.certificacaoiso.com.br/contabilidade-consultiva-o-metodo-dos-4-passos/,Poor heading hierarchy,23 Jun 2026 (16:45 UTC)
https://www.certificacaoiso.com.br/controle-da-informacao-documentada/,Poor heading hierarchy,23 Jun 2026 (16:45 UTC)
https://www.certificacaoiso.com.br/controle-de-fornecedores-como-atender-ao-requisito-8-4-da-iso-9001-com-seguranca-clareza-e-eficiencia/,Poor heading hierarchy,23 Jun 2026 (16:45 UTC)
https://www.certificacaoiso.com.br/controle-de-fornecedores-na-iso-9001/,Poor heading hierarchy,23 Jun 2026 (16:45 UTC)
https://www.certificacaoiso.com.br/cultura-de-seguranca-de-alimentos-como-implementar-de-forma-pratica-continua-e-auditavel-nas-empresas/,Poor heading hierarchy,23 Jun 2026 (16:45 UTC)
https://www.certificacaoiso.com.br/custos-de-acidentes-de-trabalho/,Poor heading hierarchy,23 Jun 2026 (16:45 UTC)
https://www.certificacaoiso.com.br/dois-exemplos-da-presenca-da-iso-9001-em-orgaos-publicos/,Paragraphs are too long,23 Jun 2026 (16:45 UTC)
https://www.certificacaoiso.com.br/fluxo-de-caixa-em-tempos-de-crise/,Poor heading hierarchy,23 Jun 2026 (16:45 UTC)
https://www.certificacaoiso.com.br/foco-no-cliente-x-foco-do-cliente-um-novo-conceito-em-negocios/,Paragraphs are too long,23 Jun 2026 (16:45 UTC)
https://www.certificacaoiso.com.br/gestao-com-clareza/,Poor heading hierarchy,23 Jun 2026 (16:45 UTC)
https://www.certificacaoiso.com.br/gestao-de-melhoria-3-dicas-para-melhorar-sua-empresa-1-todo-dia/,Poor heading hierarchy,23 Jun 2026 (16:45 UTC)
https://www.certificacaoiso.com.br/gestao-de-mudancas-parte-1/,Paragraphs are too long,23 Jun 2026 (16:45 UTC)
https://www.certificacaoiso.com.br/gestao-de-mudancas-parte-2/,Poor heading hierarchy,23 Jun 2026 (16:45 UTC)
https://www.certificacaoiso.com.br/gestao-de-mudancas-parte-2/,Paragraphs are too long,23 Jun 2026 (16:45 UTC)
https://www.certificacaoiso.com.br/gestao-de-mudancas-parte-3/,Poor heading hierarchy,23 Jun 2026 (16:45 UTC)
https://www.certificacaoiso.com.br/gestao-de-mudancas-parte-3/,Paragraphs are too long,23 Jun 2026 (16:45 UTC)
https://www.certificacaoiso.com.br/gestao-de-mudancas-parte-4/,Poor heading hierarchy,23 Jun 2026 (16:45 UTC)
https://www.certificacaoiso.com.br/gestao-de-mudancas-parte-4/,Paragraphs are too long,23 Jun 2026 (16:45 UTC)
https://www.certificacaoiso.com.br/gestao-de-processos-empresariais-como-organizar-sua-empresa-para-crescer-com-clareza-controle-e-previsibilidade/,Poor heading hierarchy,23 Jun 2026 (16:45 UTC)
https://www.certificacaoiso.com.br/gestao-de-qualidade-gestao-estrategica-fatores-criticos-de-sucesso/,Poor heading hierarchy,23 Jun 2026 (16:45 UTC)
https://www.certificacaoiso.com.br/gestao-de-qualidade-gestao-estrategica-fatores-criticos-de-sucesso/,Paragraphs are too long,23 Jun 2026 (16:45 UTC)
https://www.certificacaoiso.com.br/gestao-do-tempo/,Paragraphs are too long,23 Jun 2026 (16:45 UTC)
https://www.certificacaoiso.com.br/gestao-por-indicadores-de-desempenho-entenda-a-sua-empresa-profundamente/,Paragraphs are too long,23 Jun 2026 (16:45 UTC)
https://www.certificacaoiso.com.br/igor-furniel-comportamentos-geram-resultados/,Poor heading hierarchy,23 Jun 2026 (16:45 UTC)
https://www.certificacaoiso.com.br/igor-furniel-comportamentos-geram-resultados/,Paragraphs are too long,23 Jun 2026 (16:45 UTC)
https://www.certificacaoiso.com.br/iso-9001-gestao-de-pessoas/,Poor heading hierarchy,23 Jun 2026 (16:45 UTC)
https://www.certificacaoiso.com.br/iso-9001-requisitos-6-1-acoes-para-abordar-riscos-e-oportunidades/,Poor heading hierarchy,23 Jun 2026 (16:45 UTC)
https://www.certificacaoiso.com.br/iso-9001-requisitos-7-1-recursos/,Poor heading hierarchy,23 Jun 2026 (16:45 UTC)
https://www.certificacaoiso.com.br/iso-9001-requisitos-7-3-conscientizacao/,Poor heading hierarchy,23 Jun 2026 (16:45 UTC)
https://www.certificacaoiso.com.br/iso-9001-transforma-o-rh/,Poor heading hierarchy,23 Jun 2026 (16:45 UTC)
https://www.certificacaoiso.com.br/melhore-a-eficiencia-do-seu-negocio-com-a-iso-9001/,Poor heading hierarchy,23 Jun 2026 (16:45 UTC)
https://www.certificacaoiso.com.br/melhore-a-eficiencia-do-seu-negocio-com-a-iso-9001/,Paragraphs are too long,23 Jun 2026 (16:45 UTC)
https://www.certificacaoiso.com.br/mortes-em-obra-acidente-ou-homicidio/,Poor heading hierarchy,23 Jun 2026 (16:45 UTC)
https://www.certificacaoiso.com.br/motivacao-com-foco-em-resultados/,Poor heading hierarchy,23 Jun 2026 (16:45 UTC)
https://www.certificacaoiso.com.br/motivacao-com-foco-em-resultados/,Paragraphs are too long,23 Jun 2026 (16:45 UTC)
https://www.certificacaoiso.com.br/quais-foram-as-mudancas-estruturais-da-iso-9001-2015/,Poor heading hierarchy,23 Jun 2026 (16:45 UTC)
https://www.certificacaoiso.com.br/seguranca-e-saude-ocupacional-e-meio-ambiente-o-papel-das-legislacoes-na-certificacao-sassmaq/,Poor heading hierarchy,23 Jun 2026 (16:45 UTC)
https://www.certificacaoiso.com.br/serie-empreendedor-de-sucesso-caracteristica-numero-1-do-campeao/,Poor heading hierarchy,23 Jun 2026 (16:45 UTC)
https://www.certificacaoiso.com.br/serie-empreendedor-de-sucesso-caracteristica-numero-1-do-campeao/,Paragraphs are too long,23 Jun 2026 (16:45 UTC)
https://www.certificacaoiso.com.br/templum-rewards-sua-dedicacao-vale-premios-em-dinheiro/,Poor heading hierarchy,23 Jun 2026 (16:45 UTC)
https://www.certificacaoiso.com.br/utilizando-metodologias-para-gestao-do-tempo/,Poor heading hierarchy,23 Jun 2026 (16:45 UTC)
https://www.certificacaoiso.com.br/voce-possui-um-escritorio-de-advocacia-ou-uma-empresa-especializada-em-servicos-advocaticios/,Poor heading hierarchy,23 Jun 2026 (16:45 UTC)
