Page URL,Discovered
https://certificacaoiso.com.br/a-importancia-da-bpf-e-o-caso-o-dia/,23 Jun 2026 (16:45 UTC)
https://certificacaoiso.com.br/chocolate-artesanal-qualidade-para-vender-mais/,23 Jun 2026 (16:45 UTC)
https://certificacaoiso.com.br/covid-e-as-industrias-de-alimentos/,23 Jun 2026 (16:45 UTC)
https://certificacaoiso.com.br/diferenca-entre-os-programas-do-gfsi/,23 Jun 2026 (16:45 UTC)
https://certificacaoiso.com.br/fssc-22000-v6/,23 Jun 2026 (16:45 UTC)
https://certificacaoiso.com.br/fssc-22000-versao-6-guia-de-mudancas-para-certificacao-e-auditorias/,23 Jun 2026 (16:45 UTC)
https://certificacaoiso.com.br/fssc-22000-versao-6-guias-de-orientacao-sobre-food-defense-e-mitigacao-de-food-fraud/,23 Jun 2026 (16:45 UTC)
https://certificacaoiso.com.br/higiene-na-industria-dos-alimentos/,23 Jun 2026 (16:45 UTC)
https://certificacaoiso.com.br/inseguranca-alimentar-o-caso-habib-s/,23 Jun 2026 (16:45 UTC)
https://certificacaoiso.com.br/iso-22000-para-buffets-e-possivel-sim/,23 Jun 2026 (16:45 UTC)
https://certificacaoiso.com.br/iso-22000-voce-sabe-o-que-e/,23 Jun 2026 (16:45 UTC)
https://certificacaoiso.com.br/nova-versao-da-fssc/,23 Jun 2026 (16:45 UTC)
https://certificacaoiso.com.br/novo-esquema-de-certificacao-fssc22000-o-que-mudou/,23 Jun 2026 (16:45 UTC)
https://certificacaoiso.com.br/o-que-ainda-nao-te-contaram-da-versao-5-da-fssc/,23 Jun 2026 (16:45 UTC)
https://certificacaoiso.com.br/o-que-e-o-haccp-hazard-analysis-and-control-point-system/,23 Jun 2026 (16:45 UTC)
https://certificacaoiso.com.br/presentes/ebook-empresarios/?utm_source=blog&utm_medium=sidebar-isca&utm_campaign=controle-de-fornecedores-como-atender-ao-requisito-8-4-da-iso-9001-com-seguranca-clareza-e-eficiencia,23 Jun 2026 (16:45 UTC)
https://certificacaoiso.com.br/presentes/ebook-empresarios/?utm_source=blog&utm_medium=sidebar-isca&utm_campaign=gestao-e-processos-como-construir-uma-empresa-organizada-escalavel-e-preparada-para-crescer,23 Jun 2026 (16:45 UTC)
https://certificacaoiso.com.br/presentes/ebook-empresarios/?utm_source=blog&utm_medium=sidebar-isca&utm_campaign=governanca-corporativa-o-pilar-estrategico-para-empresas-mais-solidas-transparentes-e-sustentaveis,23 Jun 2026 (16:45 UTC)
https://certificacaoiso.com.br/presentes/inteligencia-artificial-como-transformar-sua-empresa-com-ia-na-pratica/?utm_source=blog&utm_medium=sidebar-isca&utm_campaign=inteligencia-artificial-na-gestao-como-empresas-podem-automatizar-processos-ganhar-produtividade-e-escalar-com-mais-inteligencia,23 Jun 2026 (16:45 UTC)
https://certificacaoiso.com.br/quais-segmentos-da-cadeia-de-alimentos-podem-se-beneficiar-dos-programas-do-gfsi/,23 Jun 2026 (16:45 UTC)
https://certificacaoiso.com.br/recall-de-alimentos-o-que-fazer/,23 Jun 2026 (16:45 UTC)
https://certificacaoiso.com.br/requisitos-food-fraud-e-food-defense/,23 Jun 2026 (16:45 UTC)
https://certificacaoiso.com.br/seguranca-de-alimentos-auditorias-nao-anunciadas/,23 Jun 2026 (16:45 UTC)
https://certificacaoiso.com.br/seguranca-dos-alimentos/,23 Jun 2026 (16:45 UTC)
https://certificacaoiso.com.br/voce-se-atenta-a-qualidade-do-alimento-que-consome/,23 Jun 2026 (16:45 UTC)
https://www.certificacaoiso.com.br/1o-encontro-de-licenciados-templum/,23 Jun 2026 (16:45 UTC)
https://www.certificacaoiso.com.br/3-dicas-para-uma-implementacao-iso-9001-mais-eficaz/,23 Jun 2026 (16:45 UTC)
https://www.certificacaoiso.com.br/4-dicas-valiosas-de-como-lidar-com-clientes/,23 Jun 2026 (16:45 UTC)
https://www.certificacaoiso.com.br/4-problemas-de-engajamento-que-atrapalham-sua-empresa/,23 Jun 2026 (16:45 UTC)
https://www.certificacaoiso.com.br/5-dicas-de-financas-para-negocios-b2b/,23 Jun 2026 (16:45 UTC)
https://www.certificacaoiso.com.br/5-dicas-de-ouro-para-ter-um-site-vendedor/,23 Jun 2026 (16:45 UTC)
https://www.certificacaoiso.com.br/5-dicas-para-aumentar-as-receitas-da-sua-empresa/,23 Jun 2026 (16:45 UTC)
https://www.certificacaoiso.com.br/5-dicas-para-organizar-seu-processo-de-contas-a-pagar/,23 Jun 2026 (16:45 UTC)
https://www.certificacaoiso.com.br/5-dicas-praticas-para-melhorar-o-engajamento-de-pessoas-em-sua-empresa/,23 Jun 2026 (16:45 UTC)
https://www.certificacaoiso.com.br/5-maneiras-de-melhorar-a-comunicacao-entre-coordenadorias-e-gerencias/,23 Jun 2026 (16:45 UTC)
https://www.certificacaoiso.com.br/5-meios-de-comunicacao-interna-que-podem-ser-feitos-com-baixo-custo-pelas-pmes/,23 Jun 2026 (16:45 UTC)
https://www.certificacaoiso.com.br/7-beneficios-da-gestao-de-documentos-para-seu-escritorio/,23 Jun 2026 (16:45 UTC)
https://www.certificacaoiso.com.br/a-essencia-da-gestao-da-qualidade/,23 Jun 2026 (16:45 UTC)
https://www.certificacaoiso.com.br/a-estrategia-tambem-faz-parte-da-nossa-rotina-diaria/,23 Jun 2026 (16:45 UTC)
https://www.certificacaoiso.com.br/a-importancia-da-norma-iatf-16949/,23 Jun 2026 (16:45 UTC)
https://www.certificacaoiso.com.br/a-importancia-do-comprometimento-organizacional/,23 Jun 2026 (16:45 UTC)
https://www.certificacaoiso.com.br/a-iso-9001-e-as-cadeirinhas-infantis/,23 Jun 2026 (16:45 UTC)
https://www.certificacaoiso.com.br/a-meta-que-mata/,23 Jun 2026 (16:45 UTC)
https://www.certificacaoiso.com.br/a-nova-iso-37001/,23 Jun 2026 (16:45 UTC)
https://www.certificacaoiso.com.br/a-tendencia-do-compartilhar-coworking/,23 Jun 2026 (16:45 UTC)
https://www.certificacaoiso.com.br/abordagem-por-processos/,23 Jun 2026 (16:45 UTC)
https://www.certificacaoiso.com.br/acontece-apos-certificacao-iso-9001/,23 Jun 2026 (16:45 UTC)
https://www.certificacaoiso.com.br/algumas-palavras-sobre-iso-9001-e-padronizacao/,23 Jun 2026 (16:45 UTC)
https://www.certificacaoiso.com.br/alicerce-da-implementacao-iso-9001-controle-de-documentos/,23 Jun 2026 (16:45 UTC)
https://www.certificacaoiso.com.br/amazonas-energia-manaus-busca-ampliar-certificacao-iso-9001-em-suas-unidades/,23 Jun 2026 (16:45 UTC)
https://www.certificacaoiso.com.br/as-principais-fases-da-implementacao-iso-9001/,23 Jun 2026 (16:45 UTC)
https://www.certificacaoiso.com.br/asv-conquista-certificacao-iso-9001-ajuda-da-iso-online/,23 Jun 2026 (16:45 UTC)
https://www.certificacaoiso.com.br/auditoria-a-ferramenta-que-voce-precisa-para-conhecer-seu-negocio-profundamente/,23 Jun 2026 (16:45 UTC)
https://www.certificacaoiso.com.br/auditoria-interna-de-sistemas-de-gestao-cumprir-o-requisito-da-norma-ou-buscar-oportunidades-de-melhoria-na-empresa/,23 Jun 2026 (16:45 UTC)
https://www.certificacaoiso.com.br/auditoria-interna-vamos-mandar-embora-a-bruxa-que-existe/,23 Jun 2026 (16:45 UTC)
https://www.certificacaoiso.com.br/auditoria-iso-9001/,23 Jun 2026 (16:45 UTC)
https://www.certificacaoiso.com.br/aumente-a-sua-exportacao-com-um-sistema-de-gestao-da-qualidade-iso-9001/,23 Jun 2026 (16:45 UTC)
https://www.certificacaoiso.com.br/balanced-scorecard-transformando-estrategias-em-processos/,23 Jun 2026 (16:45 UTC)
https://www.certificacaoiso.com.br/beneficios-iso9001-traz-uma-clinica-odontologica/,23 Jun 2026 (16:45 UTC)
https://www.certificacaoiso.com.br/bicicletas-e-implementacao-da-iso/,23 Jun 2026 (16:45 UTC)
https://www.certificacaoiso.com.br/boas-praticas-podem-aperfeicoar-o-poder-judiciario/,23 Jun 2026 (16:45 UTC)
https://www.certificacaoiso.com.br/bom-atendimento-o-case-da-zappos-com/,23 Jun 2026 (16:45 UTC)
https://www.certificacaoiso.com.br/calibracao-dos-equipamentos-de-monitoramento-medicao/,23 Jun 2026 (16:45 UTC)
https://www.certificacaoiso.com.br/case-miranda-feliciano-sociedade-de-advogados/,23 Jun 2026 (16:45 UTC)
https://www.certificacaoiso.com.br/caso-de-sucesso-implementacao-iso-9001-na-empresa-dataflex/,23 Jun 2026 (16:45 UTC)
https://www.certificacaoiso.com.br/categoria-diamante-do-pqta-premia-55-cartorios-no-pais/,23 Jun 2026 (16:45 UTC)
https://www.certificacaoiso.com.br/celebre-dia-mundial-qualidade-templum/,23 Jun 2026 (16:45 UTC)
https://www.certificacaoiso.com.br/celebre-e-promova-a-certificacao-iso-9001/,23 Jun 2026 (16:45 UTC)
https://www.certificacaoiso.com.br/certificacao-global-ohsas-18001/,23 Jun 2026 (16:45 UTC)
https://www.certificacaoiso.com.br/certificacao-iso-9001-com-inteligencia-artificial-o-que-voce-precisa-saber/,23 Jun 2026 (16:45 UTC)
https://www.certificacaoiso.com.br/certificacao-iso-9001-guia-completo-indicadores-de-processo/,23 Jun 2026 (16:45 UTC)
https://www.certificacaoiso.com.br/certificacao-iso/,23 Jun 2026 (16:45 UTC)
https://www.certificacaoiso.com.br/certificar-iso-9001-ou-outras-normas-iso-da-lucro-ou-prejuizo/,23 Jun 2026 (16:45 UTC)
https://www.certificacaoiso.com.br/cinco-pecados-da-comunicacao-profissional/,23 Jun 2026 (16:45 UTC)
https://www.certificacaoiso.com.br/cliente-fala-na-bandnews-sobre-certificacao-iso9001/,23 Jun 2026 (16:45 UTC)
https://www.certificacaoiso.com.br/comemore-divulgue-iso-9001/,23 Jun 2026 (16:45 UTC)
https://www.certificacaoiso.com.br/como-a-correta-divulgacao-da-iso-9001-pode-melhorar-os-seus-resultados-na-empresa/,23 Jun 2026 (16:45 UTC)
https://www.certificacaoiso.com.br/como-a-iso-9001-pode-ajudar-na-gestao-de-estoque/,23 Jun 2026 (16:45 UTC)
https://www.certificacaoiso.com.br/como-a-revisao-da-iso-90012015-afeta-a-minha-empresa/,23 Jun 2026 (16:45 UTC)
https://www.certificacaoiso.com.br/como-alavancar-a-sua-pequena-empresa/,23 Jun 2026 (16:45 UTC)
https://www.certificacaoiso.com.br/como-ampliar-o-leque-de-servicos-de-um-escritorio-de-advocacia/,23 Jun 2026 (16:45 UTC)
https://www.certificacaoiso.com.br/como-aplicar-a-motivacao-e-disciplina-do-esporte-no-seu-negocio/,23 Jun 2026 (16:45 UTC)
https://www.certificacaoiso.com.br/como-as-martechs-podem-ajudar-a-fidelizar-seus-clientes/,23 Jun 2026 (16:45 UTC)
https://www.certificacaoiso.com.br/como-as-pmes-podem-usar-a-comunicacao-interna-para-reter-talentos/,23 Jun 2026 (16:45 UTC)
https://www.certificacaoiso.com.br/como-as-pmes-podem-usar-a-comunicacao-para-diminuir-impactos-das-mudancas/,23 Jun 2026 (16:45 UTC)
https://www.certificacaoiso.com.br/como-aumentar-o-lucro-da-minha-empresa/,23 Jun 2026 (16:45 UTC)
https://www.certificacaoiso.com.br/como-criar-processos-solidos-para-recrutar-capacitar-e-motivar-sua-equipe/,23 Jun 2026 (16:45 UTC)
https://www.certificacaoiso.com.br/como-empresas-de-seguranca-podem-reduzir-despesas-com-afastamento-por-problemas-de-saude-ocupacional/,23 Jun 2026 (16:45 UTC)
https://www.certificacaoiso.com.br/como-fazer-uma-pesquisa-de-satisfacao-sem-gastar-nada-2/,23 Jun 2026 (16:45 UTC)
https://www.certificacaoiso.com.br/como-fazer-uma-pesquisa-de-satisfacao-sem-gastar-nada/,23 Jun 2026 (16:45 UTC)
https://www.certificacaoiso.com.br/como-fica-a-sua-certificacao-no-cenario-da-pandemia/,23 Jun 2026 (16:45 UTC)
https://www.certificacaoiso.com.br/como-funciona-certificacao-iso-9001-2/,23 Jun 2026 (16:45 UTC)
https://www.certificacaoiso.com.br/como-funciona-o-cartao-bndes/,23 Jun 2026 (16:45 UTC)
https://www.certificacaoiso.com.br/como-garantir-a-satisfacao-do-seu-cliente/,23 Jun 2026 (16:45 UTC)
https://www.certificacaoiso.com.br/como-garantir-o-sucesso-de-um-evento-corporativo/,23 Jun 2026 (16:45 UTC)
https://www.certificacaoiso.com.br/como-investir-certo-nos-treinamentos-necessarios-a-adequacao-para-iso-9001/,23 Jun 2026 (16:45 UTC)
https://www.certificacaoiso.com.br/como-os-acidentes-nas-obras-dos-estadios-da-copa-poderiam-ser-evitados/,23 Jun 2026 (16:45 UTC)
https://www.certificacaoiso.com.br/como-pmes-podem-se-beneficiar-melhorando-a-comunicacao-interna/,23 Jun 2026 (16:45 UTC)
https://www.certificacaoiso.com.br/como-priorizar-seu-tempo-em-home-office/,23 Jun 2026 (16:45 UTC)
https://www.certificacaoiso.com.br/como-promover-a-qualidade/,23 Jun 2026 (16:45 UTC)
https://www.certificacaoiso.com.br/como-saber-se-os-processos-estao-sendo-executados-como-deveriam/,23 Jun 2026 (16:45 UTC)
https://www.certificacaoiso.com.br/como-utilizar-a-comunicacao-para-motivar-pessoas-em-tempos-dificeis/,23 Jun 2026 (16:45 UTC)
https://www.certificacaoiso.com.br/comparacao-entre-iso-9001-iso-14001/,23 Jun 2026 (16:45 UTC)
https://www.certificacaoiso.com.br/compensa-ter-iso-9001/,23 Jun 2026 (16:45 UTC)
https://www.certificacaoiso.com.br/comportamento-organizacional/,23 Jun 2026 (16:45 UTC)
https://www.certificacaoiso.com.br/comunicacao-interna-aliada-ou-inimiga-da-sua-empresa/,23 Jun 2026 (16:45 UTC)
https://www.certificacaoiso.com.br/comunicado-importante-para-empresas-ja-certificadas/,23 Jun 2026 (16:45 UTC)
https://www.certificacaoiso.com.br/consultoria-iso-9001/,23 Jun 2026 (16:45 UTC)
https://www.certificacaoiso.com.br/consultoria-online-templum-e-sucesso-comprovado/,23 Jun 2026 (16:45 UTC)
https://www.certificacaoiso.com.br/consultoria-presencial-vs-metodologia-templum-por-que-o-modelo-tradicional-ficou-para-tras/,23 Jun 2026 (16:45 UTC)
https://www.certificacaoiso.com.br/contabilidade-consultiva-o-metodo-dos-4-passos/,23 Jun 2026 (16:45 UTC)
https://www.certificacaoiso.com.br/contas-a-receber-5-dicas-para-organizar-seu-processo/,23 Jun 2026 (16:45 UTC)
https://www.certificacaoiso.com.br/contratacao-de-funcionarios-qualificados-aprenda-com-5-dicas/,23 Jun 2026 (16:45 UTC)
https://www.certificacaoiso.com.br/controle-de-fornecedores-na-iso-9001/,23 Jun 2026 (16:45 UTC)
https://www.certificacaoiso.com.br/conversao-de-vendas-com-inteligencia-artificial-como-unir-processo-estrategia-e-ia-para-vender-mais/,23 Jun 2026 (16:45 UTC)
https://www.certificacaoiso.com.br/copa-2014-hora-de-investir/,23 Jun 2026 (16:45 UTC)
https://www.certificacaoiso.com.br/copa-mundo-brasil-empresas-qualidade/,23 Jun 2026 (16:45 UTC)
https://www.certificacaoiso.com.br/copias-controladas-copias-nao-controladas-em-sistema-de-gestao-como-agir/,23 Jun 2026 (16:45 UTC)
https://www.certificacaoiso.com.br/dia-mundial-da-qualidade-2013/,23 Jun 2026 (16:45 UTC)
https://www.certificacaoiso.com.br/dia-mundial-da-qualidade-2017/,23 Jun 2026 (16:45 UTC)
https://www.certificacaoiso.com.br/dia-mundial-da-qualidade/,23 Jun 2026 (16:45 UTC)
https://www.certificacaoiso.com.br/dicas-para-organizacoes-iniciando-um-processo-de-implementacao-da-iso-9001/,23 Jun 2026 (16:45 UTC)
https://www.certificacaoiso.com.br/dicas-para-uma-implementacao-bem-sucedida/,23 Jun 2026 (16:45 UTC)
https://www.certificacaoiso.com.br/diferencas-entre-nao-conformidade-maior-menor/,23 Jun 2026 (16:45 UTC)
https://www.certificacaoiso.com.br/dimarzio-imoveis-e-primeira-imobiliaria-de-campinas-conquistar-iso-9001/,23 Jun 2026 (16:45 UTC)
https://www.certificacaoiso.com.br/dj-primeira-usar-iso-online-conquista-certificacao-iso-9001/,23 Jun 2026 (16:45 UTC)
https://www.certificacaoiso.com.br/dpo-na-pratica-por-que-a-protecao-de-dados-deixou-de-ser-apenas-uma-obrigacao-legal-e-virou-vantagem-competitiva/,23 Jun 2026 (16:45 UTC)
https://www.certificacaoiso.com.br/duvidas-frequentes-para-implementacao-iso-90012008/,23 Jun 2026 (16:45 UTC)
https://www.certificacaoiso.com.br/e-manutencao-preditiva-2/,23 Jun 2026 (16:45 UTC)
https://www.certificacaoiso.com.br/economizar-na-implementacao-pode-se-tornar-caro/,23 Jun 2026 (16:45 UTC)
https://www.certificacaoiso.com.br/eficiencia/,23 Jun 2026 (16:45 UTC)
https://www.certificacaoiso.com.br/empreendedorismo-necessidade-oportunidade/,23 Jun 2026 (16:45 UTC)
https://www.certificacaoiso.com.br/empresa-esta-em-fase-de-implementacao-iso-9001-precisa-comprar-norma/,23 Jun 2026 (16:45 UTC)
https://www.certificacaoiso.com.br/empresas-de-softwares-lucram-com-iso-9001/,23 Jun 2026 (16:45 UTC)
https://www.certificacaoiso.com.br/empresas-e-funcionarios-sao-beneficiarios-diretos-da-iso-9001/,23 Jun 2026 (16:45 UTC)
https://www.certificacaoiso.com.br/entenda-iso-online-atraves-de-um-rapido-tour/,23 Jun 2026 (16:45 UTC)
https://www.certificacaoiso.com.br/esclarecendo-alguns-mitos-sobre-iso-9001/,23 Jun 2026 (16:45 UTC)
https://www.certificacaoiso.com.br/estrategia-em-processos-entenda-como-traduzir/,23 Jun 2026 (16:45 UTC)
https://www.certificacaoiso.com.br/estrategias-para-medir-satisfacao-cliente/,23 Jun 2026 (16:45 UTC)
https://www.certificacaoiso.com.br/evitar-mas-reacoes-para-cumprir-planos-de-acao/,23 Jun 2026 (16:45 UTC)
https://www.certificacaoiso.com.br/evolucao-das-metodologias-de-implementacao-de-sistemas-de-gestao/,23 Jun 2026 (16:45 UTC)
https://www.certificacaoiso.com.br/exigiram-o-sistema-de-gestao-integrada/,23 Jun 2026 (16:45 UTC)
https://www.certificacaoiso.com.br/fase-01-fase-02-na-auditoria-de-certificacao-qual-e-diferenca/,23 Jun 2026 (16:45 UTC)
https://www.certificacaoiso.com.br/ferramentas-da-qualidade-crescimento-da-sua-empresa/,23 Jun 2026 (16:45 UTC)
https://www.certificacaoiso.com.br/ferramentas-gestao-de-processos-bpm/,23 Jun 2026 (16:45 UTC)
https://www.certificacaoiso.com.br/filosofia-planejamento-estrategico/,23 Jun 2026 (16:45 UTC)
https://www.certificacaoiso.com.br/flexibilizacao-nas-leis-de-saude-e-seguranca-do-trabalho-sst-devido-ao-covid-19/,23 Jun 2026 (16:45 UTC)
https://www.certificacaoiso.com.br/fnq-inova-e-lanca-congresso-de-excelencia-em-gestao/,23 Jun 2026 (16:45 UTC)
https://www.certificacaoiso.com.br/folha-de-sao-paulo-iso-9001-cresce-entre-pequenas-empresas/,23 Jun 2026 (16:45 UTC)
https://www.certificacaoiso.com.br/formando-equipes-de-alto-desempenho/,23 Jun 2026 (16:45 UTC)
https://www.certificacaoiso.com.br/formando-um-time-de-elite-de-vendas/,23 Jun 2026 (16:45 UTC)
https://www.certificacaoiso.com.br/forum-economico-mundial-como-afeta-seu-sistema-de-gestao/,23 Jun 2026 (16:45 UTC)
https://www.certificacaoiso.com.br/gastar-ou-investir/,23 Jun 2026 (16:45 UTC)
https://www.certificacaoiso.com.br/gestao-da-mudanca/,23 Jun 2026 (16:45 UTC)
https://www.certificacaoiso.com.br/gestao-da-qualidade-em-servicos-publicos/,23 Jun 2026 (16:45 UTC)
https://www.certificacaoiso.com.br/gestao-da-qualidade-indicadores-de-desepenho/,23 Jun 2026 (16:45 UTC)
https://www.certificacaoiso.com.br/gestao-da-qualidade-para-imobiliarias/,23 Jun 2026 (16:45 UTC)
https://www.certificacaoiso.com.br/gestao-das-pessoas-processo-de-implementacao-da-iso-9001/,23 Jun 2026 (16:45 UTC)
https://www.certificacaoiso.com.br/gestao-de-mudancas-parte-2/,23 Jun 2026 (16:45 UTC)
https://www.certificacaoiso.com.br/gestao-de-processos-empresariais-como-organizar-sua-empresa-para-crescer-com-clareza-controle-e-previsibilidade/,23 Jun 2026 (16:45 UTC)
https://www.certificacaoiso.com.br/gestao-de-qualidade-gestao-estrategica-fatores-criticos-de-sucesso/,23 Jun 2026 (16:45 UTC)
https://www.certificacaoiso.com.br/gestao-de-resultados-5-dicas-para-tomar-decisoes-com-base-em-dados/,23 Jun 2026 (16:45 UTC)
https://www.certificacaoiso.com.br/gestao-do-conhecimento-e-o-dia-a-dia-das-organizacoes/,23 Jun 2026 (16:45 UTC)
https://www.certificacaoiso.com.br/gestao-do-tempo-com-christian-barbosa/,23 Jun 2026 (16:45 UTC)
https://www.certificacaoiso.com.br/gestao-por-competencias/,23 Jun 2026 (16:45 UTC)
https://www.certificacaoiso.com.br/governanca-corporativa-o-guia-para-o-sucesso-do-seu-negocio/,23 Jun 2026 (16:45 UTC)
https://www.certificacaoiso.com.br/gremio-e-a-iso-9001-no-futebol/,23 Jun 2026 (16:45 UTC)
https://www.certificacaoiso.com.br/guia-definitivo-das-mudancas-iso-2026/,23 Jun 2026 (16:45 UTC)
https://www.certificacaoiso.com.br/identidade-visual/,23 Jun 2026 (16:45 UTC)
https://www.certificacaoiso.com.br/impacto-das-mudancas-das-normas-regulamentadoras-nrs-em-seu-sistema-de-gestao/,23 Jun 2026 (16:45 UTC)
https://www.certificacaoiso.com.br/impactos-do-pgr/,23 Jun 2026 (16:45 UTC)
https://www.certificacaoiso.com.br/implantacao-ou-implementacao-de-sgq-qual-forma-correta/,23 Jun 2026 (16:45 UTC)
https://www.certificacaoiso.com.br/importancia-da-analise-critica-em-nao-conformidades/,23 Jun 2026 (16:45 UTC)
https://www.certificacaoiso.com.br/indicadores-de-desempenho-para-uma-administracao-eficiente/,23 Jun 2026 (16:45 UTC)
https://www.certificacaoiso.com.br/instituicoes-de-ensino-um-novo-nicho-para-a-iso-9001/,23 Jun 2026 (16:45 UTC)
https://www.certificacaoiso.com.br/iso-17025/,23 Jun 2026 (16:45 UTC)
https://www.certificacaoiso.com.br/iso-26000-e-a-norma-de-responsabilidade-social/,23 Jun 2026 (16:45 UTC)
https://www.certificacaoiso.com.br/iso-26000-responsabilidade-social/,23 Jun 2026 (16:45 UTC)
https://www.certificacaoiso.com.br/iso-45001-o-que-podemos-esperar/,23 Jun 2026 (16:45 UTC)
https://www.certificacaoiso.com.br/iso-50001-vamos-utilizar-energia-de-forma-inteligente/,23 Jun 2026 (16:45 UTC)
https://www.certificacaoiso.com.br/iso-56002/,23 Jun 2026 (16:45 UTC)
https://www.certificacaoiso.com.br/iso-9001-10-razoes-para-certificar-sua-empresa-agora/,23 Jun 2026 (16:45 UTC)
https://www.certificacaoiso.com.br/iso-9001-2015-a-importancia-da-lideranca-na-revisao-2015/,23 Jun 2026 (16:45 UTC)
https://www.certificacaoiso.com.br/iso-9001-acoes-preventivas-dificuldades-na-utilizacao-dessa-tecnica/,23 Jun 2026 (16:45 UTC)
https://www.certificacaoiso.com.br/iso-9001-como-aliada-na-implementacao-de-mudancas-sofrem-resistencia-de-muitos/,23 Jun 2026 (16:45 UTC)
https://www.certificacaoiso.com.br/iso-9001-como-ferramenta-de-auto-conhecimento-da-empresa/,23 Jun 2026 (16:45 UTC)
https://www.certificacaoiso.com.br/iso-9001-em-escritorios-de-advocacia-causa-ganha/,23 Jun 2026 (16:45 UTC)
https://www.certificacaoiso.com.br/iso-9001-em-orgaos-publicos/,23 Jun 2026 (16:45 UTC)
https://www.certificacaoiso.com.br/iso-9001-garantia-de-boa-imagem-para-sua-empresa-os-clientes/,23 Jun 2026 (16:45 UTC)
https://www.certificacaoiso.com.br/iso-9001-implementar-e-uma-coisa-certificar-e-outra/,23 Jun 2026 (16:45 UTC)
https://www.certificacaoiso.com.br/iso-9001-investimento-para-a-maturidade-do-negocio/,23 Jun 2026 (16:45 UTC)
https://www.certificacaoiso.com.br/iso-9001-melhoria-evolucao-dos-processos-sera/,23 Jun 2026 (16:45 UTC)
https://www.certificacaoiso.com.br/iso-9001-para-empreendedores/,23 Jun 2026 (16:45 UTC)
https://www.certificacaoiso.com.br/iso-9001-para-pequenas-empresas-parte-2/,23 Jun 2026 (16:45 UTC)
https://www.certificacaoiso.com.br/iso-9001-transforma-o-rh/,23 Jun 2026 (16:45 UTC)
https://www.certificacaoiso.com.br/iso-90012008-para-todos/,23 Jun 2026 (16:45 UTC)
https://www.certificacaoiso.com.br/iso-90012008-substituira-a-versao-de-2000/,23 Jun 2026 (16:45 UTC)
https://www.certificacaoiso.com.br/iso-90012015-o-envolvimento-da-alta-direcao-no-sgq-2/,23 Jun 2026 (16:45 UTC)
https://www.certificacaoiso.com.br/iso-90012015-perguntas-e-respostas-sobre-transicao/,23 Jun 2026 (16:45 UTC)
https://www.certificacaoiso.com.br/iso-90012015-requisito-4-1-contexto-da-organizacao/,23 Jun 2026 (16:45 UTC)
https://www.certificacaoiso.com.br/iso-90012015-requisito-4-2/,23 Jun 2026 (16:45 UTC)
https://www.certificacaoiso.com.br/iso-online-9001-na-folha-de-sao-paulo/,23 Jun 2026 (16:45 UTC)
https://www.certificacaoiso.com.br/iso-online-chega-escritorio-de-deputada-em-brasilia/,23 Jun 2026 (16:45 UTC)
https://www.certificacaoiso.com.br/iso-online-realiza-curso-para-formacao-de-auditor-interno/,23 Jun 2026 (16:45 UTC)
https://www.certificacaoiso.com.br/iso-ts-16949-voce-sabe-o-que-e/,23 Jun 2026 (16:45 UTC)
https://www.certificacaoiso.com.br/iso-ts-16949/,23 Jun 2026 (16:45 UTC)
https://www.certificacaoiso.com.br/item-7-4-aquisicao/,23 Jun 2026 (16:45 UTC)
https://www.certificacaoiso.com.br/laboratorio-fleming-celebra-a-iso-9001-e-as-novas-oportunidades-no-espaco-de-exames/,23 Jun 2026 (16:45 UTC)
https://www.certificacaoiso.com.br/lidando-falhas-como-uma-estrategia-da-empresa/,23 Jun 2026 (16:45 UTC)
https://www.certificacaoiso.com.br/lista-mestra-de-documentos-02/,23 Jun 2026 (16:45 UTC)
https://www.certificacaoiso.com.br/mais-um-caso-de-sucesso-dj-iso-9001/,23 Jun 2026 (16:45 UTC)
https://www.certificacaoiso.com.br/manutencao-sistema-gestao-qualidade/,23 Jun 2026 (16:45 UTC)
https://www.certificacaoiso.com.br/matriz-swot-contabilidade-como-e-por-que-fazer/,23 Jun 2026 (16:45 UTC)
https://www.certificacaoiso.com.br/medo-dos-funcionarios-como-vencer-a-procrastinacao-e-conduzir-a-evolucao-da-sua-empresa-com-confianca/,23 Jun 2026 (16:45 UTC)
https://www.certificacaoiso.com.br/melhore-a-eficiencia-do-seu-negocio-com-a-iso-9001/,23 Jun 2026 (16:45 UTC)
https://www.certificacaoiso.com.br/metodos-para-gerenciamento-de-mudancas-na-iso-9001/,23 Jun 2026 (16:45 UTC)
https://www.certificacaoiso.com.br/microempresa-conquista-iso-9001-e-da-exemplo-de-gestao/,23 Jun 2026 (16:45 UTC)
https://www.certificacaoiso.com.br/mitos-e-verdades-sobre-a-iso-9001-parte-1/,23 Jun 2026 (16:45 UTC)
https://www.certificacaoiso.com.br/monitorar-fornecedores-e-realmente-necessario/,23 Jun 2026 (16:45 UTC)
https://www.certificacaoiso.com.br/mortes-em-obra-acidente-ou-homicidio/,23 Jun 2026 (16:45 UTC)
https://www.certificacaoiso.com.br/normas-e-organismos-de-normatizacao/,23 Jun 2026 (16:45 UTC)
https://www.certificacaoiso.com.br/nossos-cursos-serao-gratuitos/,23 Jun 2026 (16:45 UTC)
https://www.certificacaoiso.com.br/nova-versao-iso-9001-como-obter-a-certificacao-ou-realizar-a-migracao-para-iso-9001-2015/,23 Jun 2026 (16:45 UTC)
https://www.certificacaoiso.com.br/novos-conceitos-para-nova-versao-da-iso-9001/,23 Jun 2026 (16:45 UTC)
https://www.certificacaoiso.com.br/novos-negocios-com-a-iso-9001/,23 Jun 2026 (16:45 UTC)
https://www.certificacaoiso.com.br/o-caminho-mais-rapido-para-sistema-de-gestao-integrado/,23 Jun 2026 (16:45 UTC)
https://www.certificacaoiso.com.br/o-papel-do-empresario-na-iso-9001/,23 Jun 2026 (16:45 UTC)
https://www.certificacaoiso.com.br/o-papel-do-representante-da-direcao-nas-empresas/,23 Jun 2026 (16:45 UTC)
https://www.certificacaoiso.com.br/o-planejamento-estrategico-pode-salvar-a-sua-empresa/,23 Jun 2026 (16:45 UTC)
https://www.certificacaoiso.com.br/o-preco-vai-subir-como-comunicar-ao-cliente/,23 Jun 2026 (16:45 UTC)
https://www.certificacaoiso.com.br/o-que-a-morte-de-kobe-bryant-pode-ensinar-para-o-nosso-sistema-de-gestao/,23 Jun 2026 (16:45 UTC)
https://www.certificacaoiso.com.br/o-que-e-a-iso-37001/,23 Jun 2026 (16:45 UTC)
https://www.certificacaoiso.com.br/o-que-e-analise-swot/,23 Jun 2026 (16:45 UTC)
https://www.certificacaoiso.com.br/o-que-e-contabilidade-gerencial/,23 Jun 2026 (16:45 UTC)
https://www.certificacaoiso.com.br/o-que-e-gestao-de-risco-e-como-implementar-na-sua-empresa/,23 Jun 2026 (16:45 UTC)
https://www.certificacaoiso.com.br/o-que-e-histograma/,23 Jun 2026 (16:45 UTC)
https://www.certificacaoiso.com.br/o-que-e-iso-9001/,23 Jun 2026 (16:45 UTC)
https://www.certificacaoiso.com.br/o-que-e-iso-e-por-que-certificar/,23 Jun 2026 (16:45 UTC)
https://www.certificacaoiso.com.br/o-que-e-recertificacao/,23 Jun 2026 (16:45 UTC)
https://www.certificacaoiso.com.br/o-que-o-pqec-tem-a-ver-com-a-iso-9001/,23 Jun 2026 (16:45 UTC)
https://www.certificacaoiso.com.br/o-que-todo-pequeno-empresario-deve-saber-melhorar-seus-negocios/,23 Jun 2026 (16:45 UTC)
https://www.certificacaoiso.com.br/o-que-uma-pequena-empresa-precisa-para-conseguir-a-certificacao-iso-9001/,23 Jun 2026 (16:45 UTC)
https://www.certificacaoiso.com.br/o-sistema-de-gestao-apos-certificacao/,23 Jun 2026 (16:45 UTC)
https://www.certificacaoiso.com.br/o-sonho-grande-de-lemann-telles-e-sicupira/,23 Jun 2026 (16:45 UTC)
https://www.certificacaoiso.com.br/okr-o-que-e-ebook/,23 Jun 2026 (16:45 UTC)
https://www.certificacaoiso.com.br/onde-reclamar-de-empresas-iso-9001/,23 Jun 2026 (16:45 UTC)
https://www.certificacaoiso.com.br/orcamento-empresarial/,23 Jun 2026 (16:45 UTC)
https://www.certificacaoiso.com.br/os-ciclos-da-recertificacao-de-um-sistema-de-gestao/,23 Jun 2026 (16:45 UTC)
https://www.certificacaoiso.com.br/os-erros-que-90-das-empresas-cometem-na-contratacao-consultoria/,23 Jun 2026 (16:45 UTC)
https://www.certificacaoiso.com.br/pacote-fechado-x-novo-modelo-templum-qual-a-opcao-mais-segura-para-conquistar-sua-iso-27001-sem-surpresas/,23 Jun 2026 (16:45 UTC)
https://www.certificacaoiso.com.br/para-a-hobeika-a-iso-9001-foi-um-divisor-de-aguas/,23 Jun 2026 (16:45 UTC)
https://www.certificacaoiso.com.br/passei-por-auditoria-agora/,23 Jun 2026 (16:45 UTC)
https://www.certificacaoiso.com.br/pdca-para-votar-nas-eleicoes/,23 Jun 2026 (16:45 UTC)
https://www.certificacaoiso.com.br/pensar-e-definir-indicador-da-qualidade/,23 Jun 2026 (16:45 UTC)
https://www.certificacaoiso.com.br/perguntas-chaves-para-auxiliar-em-sua-rastreabilidade/,23 Jun 2026 (16:45 UTC)
https://www.certificacaoiso.com.br/perguntas-frequentes/,23 Jun 2026 (16:45 UTC)
https://www.certificacaoiso.com.br/pesquisa-aponta-consumidor-brasileiro-e-preocupado-meio-ambiente/,23 Jun 2026 (16:45 UTC)
https://www.certificacaoiso.com.br/planejamento-e-pensar-e-refletir-antes-de-agir-e-decidir/,23 Jun 2026 (16:45 UTC)
https://www.certificacaoiso.com.br/planejamento-estrategico-empresas-contabeis/,23 Jun 2026 (16:45 UTC)
https://www.certificacaoiso.com.br/plano-de-cargos-salarios-e-uma-exigencia-da-iso-9001/,23 Jun 2026 (16:45 UTC)
https://www.certificacaoiso.com.br/pmoc-plano-de-manutencao-operacao-e-controle-para-ar-condicionado/,23 Jun 2026 (16:45 UTC)
https://www.certificacaoiso.com.br/politica-da-qualidade-seus-objetivos/,23 Jun 2026 (16:45 UTC)
https://www.certificacaoiso.com.br/ponto-certo-pneus-inicia-processo-de-implementacao-da-iso-9001/,23 Jun 2026 (16:45 UTC)
https://www.certificacaoiso.com.br/por-quantos-auditores-deve-ser-formada-equipe-de-auditoria-interna-para-sistema-de-gestao-da-qualidade-iso-9001/,23 Jun 2026 (16:45 UTC)
https://www.certificacaoiso.com.br/porque-a-iso-9001-esta-mudando/,23 Jun 2026 (16:45 UTC)
https://www.certificacaoiso.com.br/pqta-saiba-o-passo-a-passo-para-a-conquista-lo/,23 Jun 2026 (16:45 UTC)
https://www.certificacaoiso.com.br/prazo-para-implementacao-da-iso-9001/,23 Jun 2026 (16:45 UTC)
https://www.certificacaoiso.com.br/pre-requisitos-da-iso-9001/,23 Jun 2026 (16:45 UTC)
https://www.certificacaoiso.com.br/preparacao-resposta-emergencia/,23 Jun 2026 (16:45 UTC)
https://www.certificacaoiso.com.br/presentes/ebook-empresarios/?utm_source=blog&utm_medium=sidebar-isca&utm_campaign=gestao-e-processos-como-construir-uma-empresa-organizada-escalavel-e-preparada-para-crescer,23 Jun 2026 (16:45 UTC)
https://www.certificacaoiso.com.br/principais-desafios-de-escritorios-contabeis/,23 Jun 2026 (16:45 UTC)
https://www.certificacaoiso.com.br/principais-vantagens-da-certificacao-iso-9001-para-pequenas-empresas-parte-1-2-2/,23 Jun 2026 (16:45 UTC)
https://www.certificacaoiso.com.br/principais-vantagens-da-certificacao-iso-9001-para-pequenas-empresas-parte-1-2/,23 Jun 2026 (16:45 UTC)
https://www.certificacaoiso.com.br/problemas-de-comunicacao-como-eles-podem-afetar-seu-escritorio-contabil/,23 Jun 2026 (16:45 UTC)
https://www.certificacaoiso.com.br/procedimentos-obrigatorios-2/,23 Jun 2026 (16:45 UTC)
https://www.certificacaoiso.com.br/produtividade-em-home-offices/,23 Jun 2026 (16:45 UTC)
https://www.certificacaoiso.com.br/programa-de-pontos-templum/,23 Jun 2026 (16:45 UTC)
https://www.certificacaoiso.com.br/programa-de-qualidade-contabil-para-a-rede-nacional-de-contabilidade/,23 Jun 2026 (16:45 UTC)
https://www.certificacaoiso.com.br/programa-de-qualidade-de-empresas-contabeis-pqec-e-baseado-na-iso-9001/,23 Jun 2026 (16:45 UTC)
https://www.certificacaoiso.com.br/quais-os-maiores-beneficios-de-se-ter-a-iso-45001/,23 Jun 2026 (16:45 UTC)
https://www.certificacaoiso.com.br/quais-os-maiores-riscos-de-nao-ter-a-iso-45001-implementada/,23 Jun 2026 (16:45 UTC)
https://www.certificacaoiso.com.br/quais-sao-as-mudancas-mais-significativas-na-revisao-2015-da-iso-9001/,23 Jun 2026 (16:45 UTC)
https://www.certificacaoiso.com.br/quais-sao-mudancas-mais-significativas-na-revisao-2015-da-iso-9001-2/,23 Jun 2026 (16:45 UTC)
https://www.certificacaoiso.com.br/quais-sao-mudancas-mais-significativas-na-revisao-2015-da-iso-9001/,23 Jun 2026 (16:45 UTC)
https://www.certificacaoiso.com.br/quais-sao-os-principios-da-iso-9001-em-2025/,23 Jun 2026 (16:45 UTC)
https://www.certificacaoiso.com.br/qual-e-melhor-opcao-para-implementacao-iso-9001-2/,23 Jun 2026 (16:45 UTC)
https://www.certificacaoiso.com.br/qual-e-melhor-opcao-para-implementacao-iso-9001/,23 Jun 2026 (16:45 UTC)
https://www.certificacaoiso.com.br/qualidade-de-atendimento-para-universidades/,23 Jun 2026 (16:45 UTC)
https://www.certificacaoiso.com.br/qualidade-e-seguranca-de-mao-dadas/,23 Jun 2026 (16:45 UTC)
https://www.certificacaoiso.com.br/qualidade-e-sinonimo-de-perfeicao/,23 Jun 2026 (16:45 UTC)
https://www.certificacaoiso.com.br/qualidade-na-construcao-civil-7-dicas-para-garanti-la/,23 Jun 2026 (16:45 UTC)
https://www.certificacaoiso.com.br/quanto-custa-iso-9001/,23 Jun 2026 (16:45 UTC)
https://www.certificacaoiso.com.br/quer-vender-mais-aprenda-a-utilizar-o-canvas/,23 Jun 2026 (16:45 UTC)
https://www.certificacaoiso.com.br/raio-x-empresas-certificadas/,23 Jun 2026 (16:45 UTC)
https://www.certificacaoiso.com.br/recursos-humanos-item-6-2-habilidades/,23 Jun 2026 (16:45 UTC)
https://www.certificacaoiso.com.br/reforma-trabalhista-o-que-mudou/,23 Jun 2026 (16:45 UTC)
https://www.certificacaoiso.com.br/regulamento-de-gestao-da-qualidade-servico-de-comucacao-multimidia-anatel/,23 Jun 2026 (16:45 UTC)
https://www.certificacaoiso.com.br/relacao-entre-5s-sistema-de-gestao-da-qualidade/,23 Jun 2026 (16:45 UTC)
https://www.certificacaoiso.com.br/relacao-entre-empresa-fornecedor-iso-9001/,23 Jun 2026 (16:45 UTC)
https://www.certificacaoiso.com.br/relacao-entre-politica-da-qualidade-envolvimento-das-pessoas/,23 Jun 2026 (16:45 UTC)
https://www.certificacaoiso.com.br/resgistros-competencia-treinamento-conscientizacao/,23 Jun 2026 (16:45 UTC)
https://www.certificacaoiso.com.br/resistencia-mudanca-como-superar-as-dificuldades-nos-processos-de-implementacao-de-sistemas-de-qualidade/,23 Jun 2026 (16:45 UTC)
https://www.certificacaoiso.com.br/riscos-operacao-escritorio-contabil/,23 Jun 2026 (16:45 UTC)
https://www.certificacaoiso.com.br/saiba-como-a-iso-9001-pode-ajudar-sua-empresa-a-conquistar-clientes/,23 Jun 2026 (16:45 UTC)
https://www.certificacaoiso.com.br/satisfacao-de-nossos-clientes/,23 Jun 2026 (16:45 UTC)
https://www.certificacaoiso.com.br/satisfacao-dos-colaboradores-um-item-essencial-nas-organizacoes/,23 Jun 2026 (16:45 UTC)
https://www.certificacaoiso.com.br/saude-dos-trabalhadores-voce-sabia-que-a-pandemia-do-coronavirus-esta-diretamente-ligada-a-sua-certificacao-iso-45001/,23 Jun 2026 (16:45 UTC)
https://www.certificacaoiso.com.br/segmentar-carteira-clientes-escritorio-contabil/,23 Jun 2026 (16:45 UTC)
https://www.certificacaoiso.com.br/semana-da-qualidade-abordagem-factual-dos-processos/,23 Jun 2026 (16:45 UTC)
https://www.certificacaoiso.com.br/semana-da-qualidade-colaboracao-faz-diferenca/,23 Jun 2026 (16:45 UTC)
https://www.certificacaoiso.com.br/serie-empreendedor-de-sucesso-caracteristica-numero-1-do-campeao/,23 Jun 2026 (16:45 UTC)
https://www.certificacaoiso.com.br/setembro-15-empresas-certificadas/,23 Jun 2026 (16:45 UTC)
https://www.certificacaoiso.com.br/seu-organograma-nao-serve-pra-mais-nada/,23 Jun 2026 (16:45 UTC)
https://www.certificacaoiso.com.br/sgi-na-industria-quimica-gestao-completa-e-menos-riscos/,23 Jun 2026 (16:45 UTC)
https://www.certificacaoiso.com.br/siderbras-obteve-a-certificacao-iso9001-em-prazo-recorde/,23 Jun 2026 (16:45 UTC)
https://www.certificacaoiso.com.br/sites-destacam-crescimento-iso9001-entre-micro-pequenas-empresa/,23 Jun 2026 (16:45 UTC)
https://www.certificacaoiso.com.br/situacoes-inusitadas-vivenciadas-em-home-office/,23 Jun 2026 (16:45 UTC)
https://www.certificacaoiso.com.br/spda-sistema-de-protecao-de-descargas-atmosfericas/,23 Jun 2026 (16:45 UTC)
https://www.certificacaoiso.com.br/steve-jobs-perdemos-mais-um-genio/,23 Jun 2026 (16:45 UTC)
https://www.certificacaoiso.com.br/sucesso-na-iso-9001/,23 Jun 2026 (16:45 UTC)
https://www.certificacaoiso.com.br/templum-portas-abertas/,23 Jun 2026 (16:45 UTC)
https://www.certificacaoiso.com.br/templum-rewards-sua-dedicacao-vale-premios-em-dinheiro/,23 Jun 2026 (16:45 UTC)
https://www.certificacaoiso.com.br/tendencias-para-o-sistema-de-gestao-da-qualidade-iso-9001/,23 Jun 2026 (16:45 UTC)
https://www.certificacaoiso.com.br/tirar-o-seu-planejamento-do-papel-e-torna-lo-realidade/,23 Jun 2026 (16:45 UTC)
https://www.certificacaoiso.com.br/trabalho-remoto-boas-praticas-para-o-home-office/,23 Jun 2026 (16:45 UTC)
https://www.certificacaoiso.com.br/transforme-seu-planejamento-de-mudancas-em-realidade-atraves-da-gestao-de-risco-e-a-acao-preventiva/,23 Jun 2026 (16:45 UTC)
https://www.certificacaoiso.com.br/transicao-iso-90012015-seu-tempo-esta-acabando/,23 Jun 2026 (16:45 UTC)
https://www.certificacaoiso.com.br/tratar-uma-nc-nao-e-corrigir-um-problema/,23 Jun 2026 (16:45 UTC)
https://www.certificacaoiso.com.br/tres-dicas-para-voce-negociar-melhor/,23 Jun 2026 (16:45 UTC)
https://www.certificacaoiso.com.br/um-blog-voltado-a-qualidade-3/,23 Jun 2026 (16:45 UTC)
https://www.certificacaoiso.com.br/um-pouco-mais-sobre-a-cultura-da-zappos/,23 Jun 2026 (16:45 UTC)
https://www.certificacaoiso.com.br/uma-analise-sobre-nova-medida-conar-sobre-greenwashing/,23 Jun 2026 (16:45 UTC)
https://www.certificacaoiso.com.br/uma-boa-politica-da-qualidade/,23 Jun 2026 (16:45 UTC)
https://www.certificacaoiso.com.br/use-o-google-para-fazer-sua-pesquisa-de-satisfacao/,23 Jun 2026 (16:45 UTC)
https://www.certificacaoiso.com.br/vale-a-pena-investir-em-uma-certificacao-iso-descubra-o-custo-o-prazo-e-o-verdadeiro-retorno-para-sua-empresa/,23 Jun 2026 (16:45 UTC)
https://www.certificacaoiso.com.br/video-escopo-do-sistema-de-gestao-da-qualidade/,23 Jun 2026 (16:45 UTC)
https://www.certificacaoiso.com.br/voce-possui-um-escritorio-de-advocacia-ou-uma-empresa-especializada-em-servicos-advocaticios/,23 Jun 2026 (16:45 UTC)
https://www.certificacaoiso.com.br/voce-sabe-o-que-seu-funcionario-faz/,23 Jun 2026 (16:45 UTC)
https://www.certificacaoiso.com.br/world-quality-day-2010-abordara-a-crise-mundial/,23 Jun 2026 (16:45 UTC)
